Tweets,Subjectivity,Polarity
"‡∏™‡∏µ‡∏™‡∏±‡∏ô‡∏Ç‡∏≠‡∏á‡∏õ‡∏£‡∏∞‡∏ä‡∏≤‡∏ò‡∏¥‡∏õ‡πÑ‡∏ï‡∏¢‡πÅ‡∏•‡∏∞‡∏Ñ‡∏ô‡∏ó‡∏µ‡πà‡∏°‡∏µ‡∏≠‡∏∏‡∏î‡∏°‡∏Å‡∏≤‡∏£‡∏ì‡πå‡πÄ‡∏î‡∏µ‡∏¢‡∏ß‡∏Å‡∏±‡∏ô III
 ‡∏°‡πá‡∏≠‡∏ö18‡∏û‡∏§‡∏®‡∏à‡∏¥‡∏Å‡∏≤ ",0.0,0.0
"‡πÄ‡∏≠‡∏≠‡∏à‡∏£‡∏¥‡∏á‡∏Ç‡∏≠‡∏á‡∏û‡∏µ‡πà‡∏ó‡∏£‡∏≤‡∏¢555555  
‡πÅ‡∏â ‡∏°‡πá‡∏≠‡∏ö18‡∏û‡∏§‡∏®‡∏à‡∏¥‡∏Å‡∏≤ ",0.0,0.0
‡∏ô‡∏µ‡πà‡πÄ‡∏õ‡πá‡∏ô‡∏•‡∏°‡πÉ‡∏ô‡∏°‡πá‡∏≠‡∏ö ‡∏ñ‡∏π‡∏Å‡∏™‡πà‡∏á‡∏Ç‡∏∂‡πâ‡∏ôAmbulance‡πÇ‡∏ú‡∏•‡πà‡∏≠‡∏µ‡∏Å‡∏ó‡∏µ‡∏ó‡∏µ‡πà‡∏ô‡∏µ‡πà ‡∏ï‡∏≠‡∏ô‡∏≠‡∏¢‡∏π‡πà‡πÉ‡∏ôER‡∏£‡∏π‡πâ‡∏™‡∏∂‡∏Å‡∏ï‡∏±‡∏ß‡πÅ‡∏ï‡πà‡πÑ‡∏°‡πà‡∏°‡∏µ‡πÅ‡∏£‡∏á ‡∏°‡∏µ‡∏ú‡∏ä‡∏ú‡∏°‡∏™‡∏±‡πâ‡∏ô‡πÉ‡∏™‡πà‡πÄ‡∏ä‡∏¥‡πâ‡∏ï‡∏Ç‡∏≤‡∏ß‡∏™‡∏π‡∏ó‡∏î‡∏≥‡πÄ‡∏î‡∏¥‡∏ô‡∏°‡∏≤‡πÄ‡∏´‡∏°‡∏∑‡∏≠‡∏ô‡∏ñ‡πà‡∏≤‡∏¢‚Ä¶,0.0,0.0
"‡∏á‡∏≤‡∏ô‡∏≠‡∏≤‡∏£‡πå‡∏ï‚Äã‡∏Ç‡∏≠‡∏á‡∏û‡∏£‡∏∞‡∏≠‡∏á‡∏Ñ‡πå‚Äã ‡∏ó‡∏£‡∏á‡∏®‡∏¥‡∏£‡∏¥‡πÇ‡∏â‡∏°‡∏°‡∏≤‡∏Å‡πÄ‡∏û‡∏Ñ‡∏∞‚Äã üôè ‡∏Ç‡∏≠‡∏û‡∏£‡∏∞‡∏≠‡∏á‡∏Ñ‡πå‡∏ó‡∏£‡∏á‡∏û‡∏£‡∏∞‡πÄ‡∏à‡∏£‡∏¥‡∏ç
‡∏°‡πá‡∏≠‡∏ö18‡∏û‡∏§‡∏®‡∏à‡∏¥‡∏Å‡∏≤ ",0.0,0.0
"flghting 
flghting 
The whole world is watching!
The whole world is watching!

‡∏°‡πá‡∏≠‡∏ö18‡∏û‡∏§‡∏®‡∏à‡∏¥‡∏Å‡∏≤

 ",0.4,0.25
"‚Äú‡∏£‡∏≤‡∏©‡∏é‡∏£‡πÇ‡∏ï‡πâ‡∏Å‡∏•‡∏±‡∏ö!‚Äù
‚Äî
18‡∏û‡∏§‡∏®‡∏à‡∏¥‡∏Å‡∏≤‡πÑ‡∏õ‡∏£‡∏≤‡∏©‡∏é‡∏£‡πå‡∏õ‡∏£‡∏∞‡∏™‡∏á‡∏Ñ‡πå
‡∏°‡πá‡∏≠‡∏ö18‡∏û‡∏§‡∏®‡∏à‡∏¥‡∏Å‡∏≤ ",0.0,0.0
‡∏Ñ‡∏ô‡πÑ‡∏ó‡∏¢‡∏ô‡∏µ‡πà‡∏™‡∏Å‡∏¥‡∏•‡∏õ‡∏±‡πà‡∏ô ‡∏Å‡∏ß‡∏ô‡∏ï‡∏µ‡∏ô‡∏ô‡∏µ‡πà‡∏ó‡πá‡∏≠‡∏õ‡∏ü‡∏≠‡∏£‡πå‡∏°‡πÑ‡∏°‡πà‡πÑ‡∏´‡∏ß ‡∏ó‡πá‡∏≠‡∏õ‡∏ü‡∏≠‡∏£‡πå‡∏°‡∏à‡∏ô‡πÑ‡∏ï‡πâ‡∏´‡∏ß‡∏±‡∏ô ‡∏Æ‡πà‡∏≠‡∏á‡∏Å‡∏á‡∏ö‡∏≠‡∏Å‡∏≠‡∏¢‡∏≤‡∏Å‡∏®‡∏∂‡∏Å‡∏©‡∏≤‡∏ß‡∏¥‡∏ò‡∏µ‡∏à‡∏∞‡πÄ‡∏≠‡∏≤‡πÑ‡∏õ‡∏ß‡∏≠‡∏£‡πå‡∏Å‡∏±‡∏ö‡∏™‡∏•‡∏¥‡πà‡∏°‡∏à‡∏µ‡∏ô ‡∏•‡∏∞‡∏î‡∏π‡∏•‡πà‡∏≤‡∏™‡∏∏‡∏î‡∏´‡πâ‡∏≤‡∏°‡∏´‚Ä¶,0.0,0.0
‡πÄ‡∏Å‡πà‡∏á‡∏°‡∏≤‡∏Å ‡∏Å‡∏•‡πâ‡∏≤‡∏°‡∏≤‡∏Å ‡∏Ç‡∏≠‡∏ö‡πÉ‡∏à ‡∏°‡πá‡∏≠‡∏ö18‡∏û‡∏§‡∏®‡∏à‡∏¥‡∏Å‡∏≤ ,0.0,0.0
"‡πÅ‡∏Å‡∏ô‡∏ô‡∏≥‡∏≠‡∏≤‡∏ä‡∏µ‡∏ß‡∏∞‡∏¢‡∏±‡∏á‡∏õ‡∏£‡∏≤‡∏®‡∏£‡∏±‡∏¢‡∏ï‡πà‡∏≠ 

""‡∏≠‡∏¢‡πà‡∏≤‡πÉ‡∏´‡πâ‡πÄ‡∏£‡∏∑‡πà‡∏≠‡∏á‡∏ô‡∏µ‡πâ‡πÄ‡∏á‡∏µ‡∏¢‡∏ö ‡πÄ‡∏°‡∏∑‡πà‡∏≠‡∏ß‡∏≤‡∏ô‡πÄ‡∏î‡πá‡∏Å‡∏≠‡∏≤‡∏ä‡∏µ‡∏ß‡∏∞‡πÇ‡∏î‡∏ô‡∏¢‡∏¥‡∏á‡πÑ‡∏õ 7 ‡∏Ñ‡∏ô ‡πÇ‡∏î‡∏ô‡∏ü‡∏±‡∏ô‡πÑ‡∏õ 2 ‡∏Ñ‡∏ô ‡πÇ‡∏î‡∏ô‡∏Å‡πâ‡∏≠‡∏ô‡∏´‡∏¥‡∏ô‡∏≠‡∏µ‡∏Å‡∏´‡∏•‡∏≤‡∏¢‡∏Ñ‡∏ô ‡∏≠‡∏≤‡∏ä‡∏µ‡∏ß‡∏∞‡πÑ‡∏°‡πà‚Ä¶",0.0,0.0
‡πÄ‡∏å‡∏≠‡πÄ‡∏≠‡∏°‡∏õ‡∏±‡∏á‡∏°‡∏≤‡∏Å!!! ‡∏°‡πá‡∏≠‡∏ö18‡∏û‡∏§‡∏®‡∏à‡∏¥‡∏Å‡∏≤ ,0.0,0.0
"‡πÄ‡∏≠‡∏≤‡∏à‡∏£‡∏¥‡∏á‡πÜ‡πÄ‡∏•‡∏¢‡∏ô‡∏∞ ‡∏´‡∏¢‡∏∏‡∏î‡πÑ‡∏î‡πâ‡∏´‡∏¢‡∏∏‡∏î ‡∏ó‡∏µ‡πà‡πÑ‡∏õ‡πÉ‡∏´‡πâ‡∏Å‡∏∏‡∏´‡∏•‡∏≤‡∏ö ‡πÉ‡∏´‡πâ‡∏Ç‡πâ‡∏≤‡∏ß‡πÉ‡∏´‡πâ‡∏ô‡πâ‡∏≥‡∏°‡∏±‡∏ô‡∏ô‡πà‡∏∞ ‡∏°‡∏±‡∏ô‡πÑ‡∏î‡πâ‡∏Ç‡πâ‡∏≤‡∏ß‡πÑ‡∏î‡πâ‡∏ô‡πâ‡∏≥‡πÄ‡∏õ‡∏•‡πà‡∏≤ ‡πÅ‡∏ï‡πà‡πÄ‡∏£‡∏≤‡∏Å‡∏£‡∏∞‡∏™‡∏∏‡∏ô‡πÑ‡∏î‡πâ‡∏ô‡πâ‡∏≥‡∏ú‡∏™‡∏°‡πÅ‡∏Å‡πä‡∏™‡∏ô‡πâ‡∏≥‡∏ï‡∏≤‡∏ô‡∏∞‡πÄ‡∏´‡πá‡∏ô‡∏¢‡∏±‡∏á
‡∏°‡πá‚Ä¶",0.0,0.0
‡πÄ‡∏å‡∏≠‡πÄ‡∏≠‡∏°‡∏õ‡∏±‡∏á‡∏°‡∏≤‡∏Å!!! ‡∏°‡πá‡∏≠‡∏ö18‡∏û‡∏§‡∏®‡∏à‡∏¥‡∏Å‡∏≤ ,0.0,0.0
‡∏ï‡∏¥‡∏î‡πÑ‡∏ß‡πâ‡∏Å‡πà‡∏≠‡∏ô‡πÄ‡∏î‡∏µ‡πã‡∏¢‡∏ß‡πÄ‡∏Ç‡πâ‡∏≤‡πÑ‡∏°‡πà‡πÑ‡∏î‡πâ5555555 ‡∏°‡πá‡∏≠‡∏ö18‡∏û‡∏§‡∏®‡∏à‡∏¥‡∏Å‡∏≤ ,0.0,0.0
"‡πÅ‡∏Å‡∏ô‡∏ô‡∏≥‡∏≠‡∏≤‡∏ä‡∏µ‡∏ß‡∏∞‡∏¢‡∏±‡∏á‡∏õ‡∏£‡∏≤‡∏®‡∏£‡∏±‡∏¢‡∏ï‡πà‡∏≠ 

""‡∏≠‡∏¢‡πà‡∏≤‡πÉ‡∏´‡πâ‡πÄ‡∏£‡∏∑‡πà‡∏≠‡∏á‡∏ô‡∏µ‡πâ‡πÄ‡∏á‡∏µ‡∏¢‡∏ö ‡πÄ‡∏°‡∏∑‡πà‡∏≠‡∏ß‡∏≤‡∏ô‡πÄ‡∏î‡πá‡∏Å‡∏≠‡∏≤‡∏ä‡∏µ‡∏ß‡∏∞‡πÇ‡∏î‡∏ô‡∏¢‡∏¥‡∏á‡πÑ‡∏õ 7 ‡∏Ñ‡∏ô ‡πÇ‡∏î‡∏ô‡∏ü‡∏±‡∏ô‡πÑ‡∏õ 2 ‡∏Ñ‡∏ô ‡πÇ‡∏î‡∏ô‡∏Å‡πâ‡∏≠‡∏ô‡∏´‡∏¥‡∏ô‡∏≠‡∏µ‡∏Å‡∏´‡∏•‡∏≤‡∏¢‡∏Ñ‡∏ô ‡∏≠‡∏≤‡∏ä‡∏µ‡∏ß‡∏∞‡πÑ‡∏°‡πà‚Ä¶",0.0,0.0
‡πÇ‡∏≠‡πâ‡∏¢ ‡∏ô‡πà‡∏≤‡∏£‡∏±‡∏Å‡∏Å‡∏Å‡∏Å‡∏Å ‡∏õ‡∏±‡∏á‡∏°‡∏≤‡∏Å‡πÅ‡∏°‡πà ‡∏ô‡∏±‡∏Å‡∏Ç‡πà‡∏≤‡∏ß‡∏°‡∏≤‡πÄ‡∏≠‡∏≤‡∏Ñ‡∏•‡∏¥‡∏õ‡πÅ‡∏ö‡∏ö‡∏ô‡∏µ‡πâ‡∏•‡∏á‡∏ö‡πâ‡∏≤‡∏á‡∏î‡∏¥ ‡∏Ñ‡∏ô‡∏ó‡∏µ‡πà‡πÑ‡∏°‡πà‡πÑ‡∏î‡πâ‡πÄ‡∏•‡πà‡∏ô‡∏ó‡∏ß‡∏¥‡∏ï‡πÄ‡∏Ç‡∏≤‡∏à‡∏∞‡πÑ‡∏î‡πâ‡πÄ‡∏´‡πá‡∏ô‡∏ß‡πà‡∏≤‡∏°‡πá‡∏≠‡∏ö‡πÑ‡∏°‡πà‡πÑ‡∏î‡πâ‡∏£‡∏∏‡∏ô‡πÅ‡∏£‡∏á‡∏≠‡∏¢‡πà‡∏≤‡∏á‡∏ó‡∏µ‡πà‡πÄ‡∏Ç‡∏≤‡∏Ñ‡∏¥‡∏î‡∏Å‡∏±‡∏ô‚Ä¶,0.0,0.0
long live ‡∏ô‡πâ‡∏≠‡∏•‡πÄ‡∏õ‡πá‡∏î ‡∏°‡πá‡∏≠‡∏ö18‡∏û‡∏§‡∏®‡∏à‡∏¥‡∏Å‡∏≤ ,0.45,0.043181818181818175
"‡∏à‡∏≥‡∏ä‡∏∑‡πà‡∏≠‡πÑ‡∏ß‡πâ‡πÉ‡∏´‡πâ‡∏î‡∏µ‡∏ô‡∏∞‡∏Ñ‡∏∞ ' ‡∏û‡∏•‡πÄ‡∏≠‡∏Å ‡∏ò‡∏ß‡∏±‡∏ä‡∏ä‡∏±‡∏¢ ‡∏™‡∏°‡∏∏‡∏ó‡∏£‡∏™‡∏≤‡∏Ñ‡∏£ ' ‡∏ú‡∏π‡πâ‡∏ó‡∏µ‡πà‡∏ö‡∏≠‡∏Å‡∏ß‡πà‡∏≤ ""‡πÑ‡∏°‡πà‡∏£‡∏±‡∏ö‡∏£‡πà‡∏≤‡∏á‡∏ó‡∏±‡πâ‡∏á7‡∏â‡∏ö‡∏±‡∏ö"" ‡πÄ‡∏õ‡πá‡∏ô ‡∏™‡∏ß.‡∏ó‡∏µ‡πà‡πÑ‡∏î‡πâ‡∏£‡∏±‡∏ö‡∏Å‡∏≤‡∏£‡∏Ñ‡∏±‡∏î‡πÄ‡∏•‡∏∑‡∏≠‡∏Å‡∏°‡∏≤‡∏à‡∏≤‡∏Å '‡∏Ñ‡∏™‚Ä¶",0.0,0.0
Breaking : ‡∏ì‡∏±‡∏è‡∏û‡∏• ‡∏ó‡∏µ‡∏õ‡∏™‡∏∏‡∏ß‡∏£‡∏£‡∏ì ‡∏£‡∏±‡∏ê‡∏°‡∏ô‡∏ï‡∏£‡∏µ‡∏ß‡πà‡∏≤‡∏Å‡∏≤‡∏£‡∏Å‡∏£‡∏∞‡∏ó‡∏£‡∏ß‡∏á‡∏®‡∏∂‡∏Å‡∏©‡∏≤‡∏ò‡∏¥‡∏Å‡∏≤‡∏£ ‡πÇ‡∏´‡∏ß‡∏ï‡πÑ‡∏°‡πà‡∏£‡∏±‡∏ö‡∏´‡∏•‡∏±‡∏Å‡∏Å‡∏≤‡∏£‡∏£‡πà‡∏≤‡∏á‡πÅ‡∏Å‡πâ‡πÑ‡∏Ç‡∏£‡∏±‡∏ê‡∏ò‡∏£‡∏£‡∏°‡∏ô‡∏π‡∏ç‡∏ó‡∏±‡πâ‡∏á 7 ‡∏â‡∏ö‡∏±‡∏ö ‡∏Ñ‡πâ‡∏≤‡∏ô‡∏Ñ‡∏ß‡∏≤‡∏°‡∏ï‡πâ‡∏≠‡∏á‡∏Å‡∏≤‡∏£‚Ä¶,0.0,0.0
"‡∏≠‡∏¢‡πà‡∏≤‡∏á‡∏Å‡∏±‡∏ö‡∏á‡∏≤‡∏ô‡∏Ç‡∏≠‡∏á‡πÅ‡∏à‡πá‡∏Å‡∏™‡∏±‡∏ô ‡∏û‡∏≠‡∏•‡∏•‡πá‡∏≠‡∏Å

‡∏°‡πá‡∏≠‡∏ö18‡∏û‡∏§‡∏®‡∏à‡∏¥‡∏Å‡∏≤ ",0.0,0.0
‡∏ô‡∏±‡∏Å‡∏Ç‡πà‡∏≤‡∏ß‡∏ä‡πà‡∏≠‡∏ávoice tv ‡∏ö‡∏≠‡∏Å‡∏ß‡πà‡∏≤‡πÄ‡∏õ‡πá‡∏î‡∏ï‡∏±‡∏ß‡∏™‡∏∏‡∏î‡∏ó‡πâ‡∏≤‡∏¢‡∏ô‡πà‡∏≤‡∏à‡∏∞‡∏ä‡∏∑‡πà‡∏≠‡πÄ‡∏•‡πà‡∏ô‡∏ß‡πà‡∏≤‡∏õ‡∏£‡∏∞‡∏ß‡∏¥‡∏ï‡∏£ ‡πÄ‡∏û‡∏£‡∏≤‡∏∞‡πÄ‡∏ä‡∏∑‡πà‡∏≠‡∏á‡∏ä‡πâ‡∏≤ ‡πÇ‡∏Ñ‡∏ï‡∏£‡∏õ‡∏±‡πà‡∏ô555555 ‡∏°‡πá‡∏≠‡∏ö18‡∏û‡∏§‡∏®‡∏à‡∏¥‡∏Å‡∏≤ ,0.0,0.0
"‡πÄ‡∏≠‡∏≤‡∏à‡∏£‡∏¥‡∏á‡πÜ‡πÄ‡∏•‡∏¢‡∏ô‡∏∞ ‡∏´‡∏¢‡∏∏‡∏î‡πÑ‡∏î‡πâ‡∏´‡∏¢‡∏∏‡∏î ‡∏ó‡∏µ‡πà‡πÑ‡∏õ‡πÉ‡∏´‡πâ‡∏Å‡∏∏‡∏´‡∏•‡∏≤‡∏ö ‡πÉ‡∏´‡πâ‡∏Ç‡πâ‡∏≤‡∏ß‡πÉ‡∏´‡πâ‡∏ô‡πâ‡∏≥‡∏°‡∏±‡∏ô‡∏ô‡πà‡∏∞ ‡∏°‡∏±‡∏ô‡πÑ‡∏î‡πâ‡∏Ç‡πâ‡∏≤‡∏ß‡πÑ‡∏î‡πâ‡∏ô‡πâ‡∏≥‡πÄ‡∏õ‡∏•‡πà‡∏≤ ‡πÅ‡∏ï‡πà‡πÄ‡∏£‡∏≤‡∏Å‡∏£‡∏∞‡∏™‡∏∏‡∏ô‡πÑ‡∏î‡πâ‡∏ô‡πâ‡∏≥‡∏ú‡∏™‡∏°‡πÅ‡∏Å‡πä‡∏™‡∏ô‡πâ‡∏≥‡∏ï‡∏≤‡∏ô‡∏∞‡πÄ‡∏´‡πá‡∏ô‡∏¢‡∏±‡∏á
‡∏°‡πá‚Ä¶",0.0,0.0
"‡πÅ‡∏Å‡∏ô‡∏ô‡∏≥‡∏≠‡∏≤‡∏ä‡∏µ‡∏ß‡∏∞‡∏¢‡∏±‡∏á‡∏õ‡∏£‡∏≤‡∏®‡∏£‡∏±‡∏¢‡∏ï‡πà‡∏≠ 

""‡∏≠‡∏¢‡πà‡∏≤‡πÉ‡∏´‡πâ‡πÄ‡∏£‡∏∑‡πà‡∏≠‡∏á‡∏ô‡∏µ‡πâ‡πÄ‡∏á‡∏µ‡∏¢‡∏ö ‡πÄ‡∏°‡∏∑‡πà‡∏≠‡∏ß‡∏≤‡∏ô‡πÄ‡∏î‡πá‡∏Å‡∏≠‡∏≤‡∏ä‡∏µ‡∏ß‡∏∞‡πÇ‡∏î‡∏ô‡∏¢‡∏¥‡∏á‡πÑ‡∏õ 7 ‡∏Ñ‡∏ô ‡πÇ‡∏î‡∏ô‡∏ü‡∏±‡∏ô‡πÑ‡∏õ 2 ‡∏Ñ‡∏ô ‡πÇ‡∏î‡∏ô‡∏Å‡πâ‡∏≠‡∏ô‡∏´‡∏¥‡∏ô‡∏≠‡∏µ‡∏Å‡∏´‡∏•‡∏≤‡∏¢‡∏Ñ‡∏ô ‡∏≠‡∏≤‡∏ä‡∏µ‡∏ß‡∏∞‡πÑ‡∏°‡πà‚Ä¶",0.0,0.0
"‡πÅ‡∏ï‡πà‡∏•‡∏∞‡∏Ñ‡∏ô‡∏°‡∏µ‡∏Ñ‡∏ß‡∏≤‡∏°‡∏™‡∏≤‡∏°‡∏≤‡∏£‡∏ñ‡∏Å‡∏±‡∏ô‡∏°‡∏≤‡∏Å‡πÜ‡πÄ‡∏•‡∏¢‡∏≠‡πà‡∏∞ ‡∏ñ‡πâ‡∏≤‡∏Å‡∏≤‡∏£‡πÄ‡∏°‡∏∑‡∏≠‡∏á‡∏î‡∏µ‡∏û‡∏ß‡∏Å‡πÄ‡∏Ñ‡πâ‡∏≤‡∏Ñ‡∏á‡∏ñ‡∏π‡∏Å‡∏ú‡∏•‡∏±‡∏Å‡∏î‡∏±‡∏ô‡πÑ‡∏õ‡πÑ‡∏î‡πâ‡πÑ‡∏Å‡∏•‡∏Å‡∏ß‡πà‡∏≤‡∏ô‡∏µ‡πâ ‡∏°‡πá‡∏≠‡∏ö18‡∏û‡∏§‡∏®‡∏à‡∏¥‡∏Å‡∏≤ 
 ",0.0,0.0
‡πÄ‡∏Å‡πà‡∏á‡∏°‡∏≤‡∏Å ‡∏Å‡∏•‡πâ‡∏≤‡∏°‡∏≤‡∏Å ‡∏Å‡∏≠‡∏á‡∏ó‡∏±‡∏û‡πÄ‡∏õ‡πá‡∏î ‡∏°‡πá‡∏≠‡∏ö18‡∏û‡∏§‡∏®‡∏à‡∏¥‡∏Å‡∏≤ ‡∏°‡πá‡∏≠‡∏ö18‡∏û‡∏§‡∏®‡∏à‡∏¥‡∏Å‡∏≤‡πÑ‡∏õ‡∏£‡∏≤‡∏ä‡∏õ‡∏£‡∏∞‡∏™‡∏á‡∏Ñ‡πå ,0.0,0.0
‡∏ó‡∏µ‡πà‡∏™‡∏∏‡∏î‡∏Ç‡∏≠‡∏á‡∏ß‡∏±‡∏ô‡∏ô‡∏µ‡πâ ‡∏¢‡∏Å‡πÉ‡∏´‡πâ‡∏†‡∏≤‡∏û‡∏ô‡∏µ‡πâ ‡∏Ñ‡∏£‡∏±‡∏ö ‡∏°‡πá‡∏≠‡∏ö18‡∏û‡∏§‡∏®‡∏à‡∏¥‡∏Å‡∏≤ ,0.0,0.0
"‡πÅ‡∏Å‡∏ô‡∏ô‡∏≥‡∏≠‡∏≤‡∏ä‡∏µ‡∏ß‡∏∞‡∏¢‡∏±‡∏á‡∏õ‡∏£‡∏≤‡∏®‡∏£‡∏±‡∏¢‡∏ï‡πà‡∏≠ 

""‡∏≠‡∏¢‡πà‡∏≤‡πÉ‡∏´‡πâ‡πÄ‡∏£‡∏∑‡πà‡∏≠‡∏á‡∏ô‡∏µ‡πâ‡πÄ‡∏á‡∏µ‡∏¢‡∏ö ‡πÄ‡∏°‡∏∑‡πà‡∏≠‡∏ß‡∏≤‡∏ô‡πÄ‡∏î‡πá‡∏Å‡∏≠‡∏≤‡∏ä‡∏µ‡∏ß‡∏∞‡πÇ‡∏î‡∏ô‡∏¢‡∏¥‡∏á‡πÑ‡∏õ 7 ‡∏Ñ‡∏ô ‡πÇ‡∏î‡∏ô‡∏ü‡∏±‡∏ô‡πÑ‡∏õ 2 ‡∏Ñ‡∏ô ‡πÇ‡∏î‡∏ô‡∏Å‡πâ‡∏≠‡∏ô‡∏´‡∏¥‡∏ô‡∏≠‡∏µ‡∏Å‡∏´‡∏•‡∏≤‡∏¢‡∏Ñ‡∏ô ‡∏≠‡∏≤‡∏ä‡∏µ‡∏ß‡∏∞‡πÑ‡∏°‡πà‚Ä¶",0.0,0.0
‡∏≠‡∏¥‡πÄ‡∏´‡∏µ‡πâ‡∏¢‡∏°‡∏µ‡∏Ñ‡∏ô‡πÅ‡∏≠‡∏ö‡∏ñ‡πà‡∏≤‡∏¢‡πÜ‡πÜ‡πÜ‡πÜ‡∏ú‡∏ç ‡πÇ‡∏î‡∏ô‡∏à‡∏±‡∏ö‡πÑ‡∏î‡πâ ‡∏°‡∏µ‡∏Ñ‡∏•‡∏¥‡∏õ‡∏î‡πâ‡∏ß‡∏¢ ‡∏Å‡∏≤‡∏£‡πå‡∏î‡∏Å‡∏≥‡∏•‡∏±‡∏á‡∏û‡∏≤‡πÑ‡∏õ‡πÅ‡∏à‡πâ‡∏á‡∏ï‡∏≥‡∏£‡∏ß‡∏à ‡∏≠‡∏¥‡πÄ‡∏´‡∏µ‡πâ‡∏¢‡πÄ‡∏≠‡πâ‡∏¢ ‡∏°‡πá‡∏≠‡∏ö18‡∏û‡∏§‡∏®‡∏à‡∏¥‡∏Å‡∏≤,0.0,0.0
"‡∏™‡∏µ‡∏™‡∏±‡∏ô‡∏Ç‡∏≠‡∏á‡∏õ‡∏£‡∏∞‡∏ä‡∏≤‡∏ò‡∏¥‡∏õ‡πÑ‡∏ï‡∏¢‡πÅ‡∏•‡∏∞‡∏Ñ‡∏ô‡∏ó‡∏µ‡πà‡∏°‡∏µ‡∏≠‡∏∏‡∏î‡∏°‡∏Å‡∏≤‡∏£‡∏ì‡πå‡πÄ‡∏î‡∏µ‡∏¢‡∏ß‡∏Å‡∏±‡∏ô III
 ‡∏°‡πá‡∏≠‡∏ö18‡∏û‡∏§‡∏®‡∏à‡∏¥‡∏Å‡∏≤ ",0.0,0.0
"Let all people know, Thailand belongs to the people ‡∏°‡πá‡∏≠‡∏ö18‡∏û‡∏§‡∏®‡∏à‡∏¥‡∏Å‡∏≤ ",0.0,0.0
"‡πÉ‡∏Ñ‡∏£‡πÄ‡∏õ‡πá‡∏ô‡∏Ñ‡∏ô‡∏ó‡∏±‡∏°55555555555555555
5555555555555555555555555555555555555555555555555555555555
‡∏°‡πá‡∏≠‡∏ö18‡∏û‡∏§‡∏®‡∏à‡∏¥‡∏Å‡∏≤ ",0.0,0.0
"‡∏°‡∏¥‡∏ô ‡∏•‡∏†‡∏ô‡∏û‡∏±‡∏í‡∏ô‡πå ‡∏ô‡∏±‡∏Å‡πÄ‡∏£‡∏µ‡∏¢‡∏ô‡∏ä‡∏±‡πâ‡∏ô‡∏°.6 ‡∏ú‡∏π‡πâ‡∏Å‡πà‡∏≠‡∏ï‡∏±‡πâ‡∏á‡∏ô‡∏±‡∏Å‡πÄ‡∏£‡∏µ‡∏¢‡∏ô‡πÄ‡∏•‡∏ß‡πÑ‡∏î‡πâ‡∏£‡∏±‡∏ö‡∏´‡∏°‡∏≤‡∏¢‡πÄ‡∏£‡∏µ‡∏¢‡∏Å‡∏ú‡∏π‡πâ‡∏ï‡πâ‡∏≠‡∏á‡∏´‡∏≤ ‡∏ê‡∏≤‡∏ô‡∏ù‡πà‡∏≤‡∏ù‡∏∑‡∏ô‡∏û‡∏£‡∏Å.‡∏â‡∏∏‡∏Å‡πÄ‡∏â‡∏¥‡∏ô
‚Äî‚Äî
‡∏ô‡∏±‡∏Å‡πÄ‡∏£‡∏µ‡∏¢‡∏ô‡πÄ‡∏•‡∏ß 
‡∏°‡πá‡∏≠‡∏ö18‡∏û‡∏§‚Ä¶",0.0,0.0
‡πÄ‡∏£‡∏¥‡πà‡∏™‡∏™‡∏™‡∏°‡∏≤‡∏Å‡∏Å! ‡πÇ‡∏ü‡∏Å‡∏±‡∏™ ‡∏û‡∏π‡∏î‡πÅ‡∏ó‡∏ô‡πÉ‡∏à‡∏Ñ‡∏ô‡πÑ‡∏ó‡∏¢‡∏≠‡∏µ‡∏Å‡∏´‡∏•‡∏≤‡∏¢‡∏•‡πâ‡∏≤‡∏ô‡∏Ñ‡∏ô‡πÄ‡∏•‡∏¢üëáüëá‡πÄ‡∏≠‡∏≤‡πÉ‡∏à‡πÑ‡∏õ‡πÄ‡∏•‡∏¢‡∏•‡∏π‡∏Å‡∏™‡∏≤‡∏ß‚ù§Ô∏è ‡∏°‡πá‡∏≠‡∏ö18‡∏û‡∏§‡∏®‡∏à‡∏¥‡∏Å‡∏≤ ,0.0,0.0
"‚Äú‡πÑ‡∏°‡πà‡∏°‡∏µ‡∏≠‡∏≥‡∏ô‡∏≤‡∏à‡πÉ‡∏î‡πÉ‡∏ô‡πÇ‡∏•‡∏Å‡∏´‡∏•‡πâ‡∏≤ 
‡∏ú‡∏π‡πâ‡∏õ‡∏Å‡∏Ñ‡∏£‡∏≠‡∏á‡∏ï‡πà‡∏≤‡∏á‡∏°‡∏≤‡πÅ‡∏•‡πâ‡∏ß‡∏™‡∏≤‡∏õ‡∏™‡∏π‡∏ç
‡πÑ‡∏°‡πà‡∏°‡∏µ‡πÉ‡∏Ñ‡∏£‡∏•‡πâ‡∏≥‡πÄ‡∏•‡∏¥‡∏®‡∏ô‡πà‡∏≤‡πÄ‡∏ó‡∏¥‡∏î‡∏ó‡∏π‡∏ô
‡∏õ‡∏£‡∏∞‡∏ä‡∏≤‡∏ä‡∏ô‡∏™‡∏°‡∏ö‡∏π‡∏£‡∏ì‡πå‡∏ô‡∏¥‡∏£‡∏±‡∏ô‡∏î‡∏£‡πå‡πÑ‡∏õ
‡πÄ‡∏°‡∏∑‡πà‡∏≠‡∏¢‡∏∑‡∏ô‡∏´‡∏¢‡∏±‡∏î‡∏ï‡πà‡∏≠‡∏™‡∏π‡πâ‡∏ú‡∏π‡πâ‚Ä¶",0.0,0.0
"‡∏®‡∏¥‡∏•‡∏õ‡∏∞ ‡∏Ñ‡∏∑‡∏≠ ‡∏™‡∏¥‡πà‡∏á‡∏ó‡∏µ‡πà‡∏°‡∏ô‡∏∏‡∏©‡∏¢‡πå‡∏™‡∏£‡πâ‡∏≤‡∏á‡∏Ç‡∏∂‡πâ‡∏ô‡πÄ‡∏û‡∏∑‡πà‡∏≠‡πÅ‡∏™‡∏î‡∏á‡∏≠‡∏≠‡∏Å‡∏ã‡∏∂‡πà‡∏á‡∏≠‡∏≤‡∏£‡∏°‡∏ì‡πå ‡∏Ñ‡∏ß‡∏≤‡∏°‡∏£‡∏π‡πâ‡∏™‡∏∂‡∏Å ‡∏õ‡∏±‡∏ç‡∏ç‡∏≤ ‡∏Ñ‡∏ß‡∏≤‡∏°‡∏Ñ‡∏¥‡∏î‡∏™‡∏£‡πâ‡∏≤‡∏á‡∏™‡∏£‡∏£‡∏Ñ‡πå‚Äã
‡πÅ‡∏•‡∏∞‚Äã‡∏Ñ‡∏ß‡∏≤‡∏°‡∏á‡∏≤‡∏°
‡∏®‡∏¥‡∏•‡∏õ‡∏∞‚Äã‡∏Ñ‡∏∑‡∏≠‡∏™‡∏¥‡πà‡∏á‡∏™‡∏ß‡∏¢‚Ä¶",0.0,0.0
‡∏û‡∏±‡∏Å‡∏£‡∏±‡∏ö‡∏ä‡∏°‡∏™‡∏¥‡πà‡∏á‡∏ó‡∏µ‡πà‡∏ô‡πà‡∏≤‡∏™‡∏ô‡πÉ‡∏à‡∏ã‡∏±‡∏Å‡∏Ñ‡∏£‡∏π‡πà ‡∏â‡∏±‡∏ô‡∏´‡∏≤‡∏¢‡πÑ‡∏õ‡πÄ‡∏õ‡πá‡∏ô‡∏ä‡∏°‡πÄ‡∏û‡∏£‡∏≤‡∏∞‡∏ï‡∏±‡∏î‡∏Ñ‡∏•‡∏¥‡∏õ‡∏ô‡∏µ‡πâ 18‡∏û‡∏§‡∏®‡∏à‡∏¥‡∏Å‡∏≤‡πÑ‡∏õ‡∏£‡∏≤‡∏©‡∏é‡∏£‡πå‡∏õ‡∏£‡∏∞‡∏™‡∏á‡∏Ñ‡πå ‡∏°‡πá‡∏≠‡∏ö18‡∏û‡∏§‡∏®‡∏à‡∏¥‡∏Å‡∏≤ ,0.0,0.0
‡∏™‡∏≤‡∏î‡∏™‡∏µ‡πÄ‡∏´‡∏•‡∏∑‡∏≠‡∏á‡πÄ‡∏Ç‡πâ‡∏≤‡πÑ‡∏õ‡πÅ‡∏•‡πâ‡∏ß ‡∏™‡∏∏‡∏î‡∏à‡∏±‡∏î ‡πÄ‡∏≠‡∏≤‡∏≠‡∏µ‡∏Å‡πÜ‡πÜ ‡∏°‡πá‡∏≠‡∏ö18‡∏û‡∏§‡∏®‡∏à‡∏¥‡∏Å‡∏≤ ,0.0,0.0
‡∏û‡∏±‡∏Å‡∏£‡∏±‡∏ö‡∏ä‡∏°‡∏™‡∏¥‡πà‡∏á‡∏ó‡∏µ‡πà‡∏ô‡πà‡∏≤‡∏™‡∏ô‡πÉ‡∏à‡∏ã‡∏±‡∏Å‡∏Ñ‡∏£‡∏π‡πà ‡∏â‡∏±‡∏ô‡∏´‡∏≤‡∏¢‡πÑ‡∏õ‡πÄ‡∏õ‡πá‡∏ô‡∏ä‡∏°‡πÄ‡∏û‡∏£‡∏≤‡∏∞‡∏ï‡∏±‡∏î‡∏Ñ‡∏•‡∏¥‡∏õ‡∏ô‡∏µ‡πâ 18‡∏û‡∏§‡∏®‡∏à‡∏¥‡∏Å‡∏≤‡πÑ‡∏õ‡∏£‡∏≤‡∏©‡∏é‡∏£‡πå‡∏õ‡∏£‡∏∞‡∏™‡∏á‡∏Ñ‡πå ‡∏°‡πá‡∏≠‡∏ö18‡∏û‡∏§‡∏®‡∏à‡∏¥‡∏Å‡∏≤ ,0.0,0.0
‡∏ô‡∏±‡∏Å‡∏Ç‡πà‡∏≤‡∏ß‡∏ä‡πà‡∏≠‡∏ávoice tv ‡∏ö‡∏≠‡∏Å‡∏ß‡πà‡∏≤‡πÄ‡∏õ‡πá‡∏î‡∏ï‡∏±‡∏ß‡∏™‡∏∏‡∏î‡∏ó‡πâ‡∏≤‡∏¢‡∏ô‡πà‡∏≤‡∏à‡∏∞‡∏ä‡∏∑‡πà‡∏≠‡πÄ‡∏•‡πà‡∏ô‡∏ß‡πà‡∏≤‡∏õ‡∏£‡∏∞‡∏ß‡∏¥‡∏ï‡∏£ ‡πÄ‡∏û‡∏£‡∏≤‡∏∞‡πÄ‡∏ä‡∏∑‡πà‡∏≠‡∏á‡∏ä‡πâ‡∏≤ ‡πÇ‡∏Ñ‡∏ï‡∏£‡∏õ‡∏±‡πà‡∏ô555555 ‡∏°‡πá‡∏≠‡∏ö18‡∏û‡∏§‡∏®‡∏à‡∏¥‡∏Å‡∏≤ ,0.0,0.0
"‡∏•‡πà‡∏≤‡∏™‡∏∏‡∏î‡∏™‡∏ñ‡∏≤‡∏ô‡∏ó‡∏π‡∏ï‡πÑ‡∏ó‡∏¢‡πÉ‡∏ô‡πÄ‡∏Å‡∏≤‡∏´‡∏•‡∏µ ‡πÅ‡∏à‡πâ‡∏á‡∏à‡∏±‡∏ö‡∏Ñ‡∏ô‡∏ó‡∏µ‡πà‡∏ï‡∏¥‡∏î‡πÇ‡∏õ‡∏™‡πÄ‡∏ï‡∏≠‡∏£‡πå‡πÄ‡∏ï‡∏≠‡∏£‡πå‡∏™‡∏ô‡∏±‡∏ö‡∏™‡∏ô‡∏∏‡∏ô‡∏õ‡∏£‡∏∞‡∏ä‡∏≤‡∏ò‡∏¥‡∏õ‡πÑ‡∏ï‡∏¢‡∏ó‡∏µ‡πà‡πÅ‡∏•‡πâ‡∏ß‡∏à‡πâ‡∏≤‡∏≤
‡∏°‡πá‡∏≠‡∏ö18‡∏û‡∏§‡∏®‡∏à‡∏¥‡∏Å‡∏≤ ",0.0,0.0
‡∏ú‡∏π‡πâ‡∏ä‡∏∏‡∏°‡∏ô‡∏∏‡∏°‡πÉ‡∏ä‡πâ‡∏Ñ‡∏ß‡∏≤‡∏°‡∏£‡∏∏‡∏ô‡πÅ‡∏£‡∏á‡∏°‡∏≤‡∏Å ‡∏î‡∏π‡∏õ‡∏∑‡∏ô‡∏ó‡∏µ‡πà‡∏¢‡∏¥‡∏á‡πÉ‡∏™‡πà‡∏ï‡∏≥‡∏£‡∏ß‡∏à‡∏ã‡∏∞‡∏Å‡πà‡∏≠‡∏ô ‡∏≠‡∏≤‡∏ô‡∏∏‡∏†‡∏≤‡∏û‡∏™‡∏π‡∏á ‡∏´‡∏≤‡∏Å‡∏ï‡∏≥‡∏£‡∏ß‡∏à‡∏ö‡∏≤‡∏î‡πÄ‡∏à‡πá‡∏ö‡∏Ç‡∏∂‡πâ‡∏ô‡∏°‡∏≤ ‡∏à‡∏∞‡∏ß‡πà‡∏≤‡∏¢‡∏±‡∏á‡πÑ‡∏á‡∏Ñ‡∏∞ ‡∏™‡∏•‡∏¥‡πà‡∏°‡πÄ‡∏ï‡∏£‡∏µ‡∏¢‡∏°‡∏î‡∏¥‡πâ‡∏ô ‡∏°‡πá‡∏≠‡∏ö18‡∏û‚Ä¶,0.0,0.0
‡∏û‡∏±‡∏Å‡∏£‡∏±‡∏ö‡∏ä‡∏°‡∏™‡∏¥‡πà‡∏á‡∏ó‡∏µ‡πà‡∏ô‡πà‡∏≤‡∏™‡∏ô‡πÉ‡∏à‡∏ã‡∏±‡∏Å‡∏Ñ‡∏£‡∏π‡πà ‡∏â‡∏±‡∏ô‡∏´‡∏≤‡∏¢‡πÑ‡∏õ‡πÄ‡∏õ‡πá‡∏ô‡∏ä‡∏°‡πÄ‡∏û‡∏£‡∏≤‡∏∞‡∏ï‡∏±‡∏î‡∏Ñ‡∏•‡∏¥‡∏õ‡∏ô‡∏µ‡πâ 18‡∏û‡∏§‡∏®‡∏à‡∏¥‡∏Å‡∏≤‡πÑ‡∏õ‡∏£‡∏≤‡∏©‡∏é‡∏£‡πå‡∏õ‡∏£‡∏∞‡∏™‡∏á‡∏Ñ‡πå ‡∏°‡πá‡∏≠‡∏ö18‡∏û‡∏§‡∏®‡∏à‡∏¥‡∏Å‡∏≤ ,0.0,0.0
"‡πÄ‡∏î‡πá‡∏Å‡∏≠‡∏≤‡∏ä‡∏µ‡∏ß‡∏∞ ‡∏Å‡πá‡∏Ñ‡∏∑‡∏≠‡πÄ‡∏î‡πá‡∏Å‡∏°.‡∏õ‡∏•‡∏≤‡∏¢‡∏≠‡∏∞ ‡πÅ‡∏•‡πâ‡∏ß‡πÄ‡∏Ç‡∏≤‡πÄ‡∏Å‡πà‡∏á‡∏°‡∏≤‡πÜ‡πÄ‡∏•‡∏¢‡∏ô‡∏∞ ‡πÅ‡∏ï‡πà‡∏õ‡∏£‡∏∞‡πÄ‡∏ó‡∏®‡∏ô‡∏µ‡πâ‡πÅ‡∏°‡πà‡∏á‡∏™‡∏£‡πâ‡∏≤‡∏á‡∏†‡∏≤‡∏û‡∏à‡∏≥‡πÑ‡∏õ‡∏ß‡πà‡∏≤‡πÄ‡∏Ç‡∏≤‡∏ï‡∏µ‡∏Å‡∏±‡∏ô‡∏°‡∏≤‡∏ï‡∏•‡∏≠‡∏î ‡πÅ‡∏•‡πâ‡∏ß‡πÑ‡∏°‡πà‡πÉ‡∏´‡πâ‡∏Ñ‡πà‡∏≤‡πÄ‡∏Ç‡∏≤‡∏≠‡∏∞
 ‡∏°‡πá‡∏≠‡∏ö18‡∏û‡∏§‡∏®‚Ä¶",0.0,0.0
"‡∏°‡∏µ‡∏Å‡∏≤‡∏£‡∏ï‡∏∞‡πÇ‡∏Å‡∏ô‡πÅ‡∏ö‡∏ô‡∏≠‡∏±‡∏°‡∏£‡∏¥‡∏°‡∏ó‡∏£‡πå‡πÉ‡∏™‡πà‡∏ô‡∏±‡∏Å‡∏Ç‡πà‡∏≤‡∏ß‡πÅ‡∏•‡∏∞‡∏Å‡∏•‡πâ‡∏≠‡∏á‡∏ä‡πà‡∏≠‡∏á‡∏≠‡∏±‡∏°‡∏£‡∏¥‡∏ô‡∏ó‡∏£‡πå

‡∏°‡πá‡∏≠‡∏ö18‡∏û‡∏§‡∏®‡∏à‡∏¥‡∏Å‡∏≤ ",0.0,0.0
‡∏ï‡∏≥‡∏£‡∏ß‡∏à‡πÉ‡∏ä‡πâ‡πÇ‡∏î‡∏£‡∏ô‡∏ö‡∏¥‡∏ô‡∏™‡∏±‡∏á‡πÄ‡∏Å‡∏ï‡∏Å‡∏≤‡∏£‡∏ì‡πå‡πÅ‡∏•‡πâ‡∏ß‡∏Ñ‡πà‡∏∞   ‡∏≠‡∏¢‡πà‡∏≤‡πÄ‡∏≠‡∏≤‡πÄ‡∏•‡πÄ‡∏ã‡∏≠‡∏£‡πå Pointer ‡∏™‡∏µ‡πÄ‡∏Ç‡∏µ‡∏¢‡∏ß‡πÑ‡∏õ‡∏™‡πà‡∏≠‡∏á‡∏ô‡∏∞‡∏Ñ‡∏∞ ‡πÄ‡∏û‡∏£‡∏≤‡∏∞‡πÅ‡∏™‡∏á‡πÄ‡∏•‡πÄ‡∏ã‡∏≠‡∏£‡πå‡∏™‡∏≤‡∏°‡∏≤‡∏£‡∏ñ‡∏£‡∏ö‡∏Å‡∏ß‡∏ô‡∏Å‡∏≤‡∏£‡∏ö‡∏¥‡∏ô‡∏Ç‡∏≠‡∏á‡πÇ‡∏î‡∏£‡∏ô‡πÑ‡∏î‡πâ ‡πÄ‡∏î‡∏µ‡πã‡∏¢‡∏ß‚Ä¶,0.0,0.0
‡∏™‡∏≤‡∏î‡∏™‡∏µ‡πÄ‡∏´‡∏•‡∏∑‡∏≠‡∏á‡πÄ‡∏Ç‡πâ‡∏≤‡πÑ‡∏õ‡πÅ‡∏•‡πâ‡∏ß ‡∏™‡∏∏‡∏î‡∏à‡∏±‡∏î ‡πÄ‡∏≠‡∏≤‡∏≠‡∏µ‡∏Å‡πÜ‡πÜ ‡∏°‡πá‡∏≠‡∏ö18‡∏û‡∏§‡∏®‡∏à‡∏¥‡∏Å‡∏≤ ,0.0,0.0
"‡∏ó‡∏∏‡∏Å‡∏Ñ‡∏ô‡∏Ñ‡∏∞ ‡∏°‡∏¥‡∏ß ‡∏•‡∏±‡∏Å‡∏©‡∏ì‡πå‡∏ô‡∏≤‡∏£‡∏≤ ‡∏≠‡∏≠‡∏Å‡∏°‡∏≤‡πÄ‡∏õ‡πá‡∏ô‡∏Å‡∏£‡∏∞‡∏ö‡∏≠‡∏Å‡πÄ‡∏™‡∏µ‡∏¢‡∏á‡∏õ‡∏£‡∏∞‡∏ä‡∏≤‡∏ò‡∏¥‡∏õ‡πÑ‡∏ï‡∏¢‡∏•‡πà‡∏≤‡∏™‡∏∏‡∏î‡πÇ‡∏î‡∏ô‡πÅ‡∏Ñ‡∏ô‡πÄ‡∏ã‡∏¥‡∏•‡∏•‡∏∞‡∏Ñ‡∏£‡πÅ‡∏•‡πâ‡∏ß‡∏Ñ‡πà‡∏∞ 
‡πÉ‡∏Ñ‡∏£‡∏≠‡∏¢‡∏≤‡∏Å‡∏à‡∏≤‡∏Å‡∏á‡∏≤‡∏ô‡∏ô‡∏≤‡∏á‡∏ï‡∏¥‡∏î‡∏ï‡πà‡∏≠‡πÄ‡∏ö‡∏≠‡∏£‡πå‡πÅ‡∏•‡∏∞‡πÑ‡∏≠‡∏î‡∏µ‡πÑ‡∏•‡∏ô‡πå‚Ä¶",0.0,0.0
"‡∏Ñ‡∏∏‡∏ì‡∏•‡∏∏‡∏á‡∏û‡∏π‡∏î‡πÄ‡∏£‡∏∑‡πà‡∏≠‡∏á‡∏Ñ‡∏ô‡∏û‡∏¥‡∏Å‡∏≤‡∏£‡∏≠‡∏¢‡∏π‡πà‡∏´‡∏ô‡πâ‡∏≤‡∏£‡πâ‡∏≤‡∏ô The Coffee Academics ‡∏ô‡∏∞‡∏Ñ‡∏∞ ‡πÄ‡∏ú‡∏∑‡πà‡∏≠‡πÉ‡∏Ñ‡∏£‡∏≠‡∏¢‡∏≤‡∏Å‡∏°‡∏≤‡∏ü‡∏±‡∏á‡∏Ñ‡∏∏‡∏ì‡∏•‡∏∏‡∏á‡∏û‡∏π‡∏î
 ‡∏°‡πá‡∏≠‡∏ö18‡∏û‡∏§‡∏®‡∏à‡∏¥‡∏Å‡∏≤ ",0.0,0.0
‡∏ñ‡πâ‡∏≤‡πÑ‡∏°‡πà‡∏Å‡∏•‡πâ‡∏≤‡πÅ‡∏°‡πâ‡∏Å‡∏£‡∏∞‡∏ó‡∏±‡πâ‡∏á‡∏≠‡∏¢‡∏π‡πà‡πÄ‡∏Ñ‡∏µ‡∏¢‡∏á‡∏Ç‡πâ‡∏≤‡∏á‡∏õ‡∏£‡∏∞‡∏ä‡∏≤‡∏ä‡∏ô‚Äã ‡∏≠‡∏µ‡∏û‡∏ß‡∏Å‚Äã ‡∏™‡∏™.‡∏™‡∏ß. ‡∏Ç‡∏¢‡∏∞‚Äã ‡∏Å‡πá‡∏Ñ‡∏ß‡∏£‡∏•‡∏≤‡∏≠‡∏≠‡∏Å‡πÑ‡∏õ‡πÉ‡∏´‡πâ‡∏Ñ‡∏ô‡∏ó‡∏µ‡πà‡πÄ‡∏Ñ‡πâ‡∏≤‡∏û‡∏£‡πâ‡∏≠‡∏°‡∏ó‡∏≥‡∏á‡∏≤‡∏ô‡πÄ‡∏û‡∏∑‡πà‡∏≠‡∏õ‡∏£‡∏∞‡∏ä‡∏≤‡∏ä‡∏ô‡πÄ‡∏Ç‡∏≤‡πÑ‡∏î‡πâ‡∏ó‡∏≥‡∏á‡∏≤‡∏ô‚Äã‚Ä¶,0.0,0.0
"‡∏≠‡∏±‡∏õ‡πÄ‡∏î‡∏ï ‡∏°‡πá‡∏≠‡∏ö18‡∏û‡∏§‡∏®‡∏à‡∏¥‡∏Å‡∏≤ - 18.00

‡∏´‡πà‡∏ß‡∏á‡∏¢‡∏≤‡∏á‡πÄ‡∏õ‡πá‡∏î‡∏™‡∏µ‡πÄ‡∏´‡∏•‡∏∑‡∏≠‡∏á ‡∏ó‡∏µ‡πà‡∏ó‡∏≤‡∏á‡∏Å‡∏•‡∏∏‡πà‡∏°‡∏ú‡∏π‡πâ‡∏ä‡∏∏‡∏°‡∏ô‡∏∏‡∏°‡πÄ‡∏ï‡∏£‡∏µ‡∏¢‡∏°‡∏°‡∏≤‡πÄ‡∏û‡∏∑‡πà‡∏≠‡πÉ‡∏ä‡πâ‡πÄ‡∏õ‡πá‡∏ô‡πÇ‡∏•‡πà ‡∏õ‡πâ‡∏≠‡∏á‡∏Å‡∏±‡∏ô‡∏à‡∏ô‡∏ó. ‡∏´‡∏≤‡∏Å‡∏°‡∏µ‡∏Å‡∏≤‡∏£‡∏â‡∏µ‡∏î‡∏ô‡πâ‡∏≥‡∏™‡∏•‡∏≤‡∏¢‡∏Å‡∏≤‡∏£‚Ä¶",0.0,0.0
‡πÄ‡∏å‡∏≠‡πÄ‡∏≠‡∏°‡∏õ‡∏±‡∏á‡∏°‡∏≤‡∏Å!!! ‡∏°‡πá‡∏≠‡∏ö18‡∏û‡∏§‡∏®‡∏à‡∏¥‡∏Å‡∏≤ ,0.0,0.0
"AMANDA OBDAM SPOKE OUT! üëë 

MissUniverseThailand2020 MissUniverse2020 ‡∏°‡πá‡∏≠‡∏ö18‡∏û‡∏§‡∏®‡∏à‡∏¥‡∏Å‡∏≤ 18‡∏û‡∏§‡∏®‡∏à‡∏¥‡∏Å‡∏≤‡πÑ‡∏õ‡∏£‡∏≤‡∏©‡∏é‡∏£‡πå‡∏õ‡∏£‡∏∞‡∏™‡∏á‡∏Ñ‡πå whatisha‚Ä¶",0.0,0.0
‡πÄ‡∏°‡∏∑‡πà‡∏≠‡∏°‡πá‡∏≠‡∏ö‡πÑ‡∏°‡πà‡∏°‡∏µ‡∏°‡∏¥‡∏ô‡πÄ‡∏ô‡∏µ‡πà‡∏¢‡∏ô‡πÑ‡∏°‡πà‡∏°‡∏µ‡∏ï‡∏≥‡∏£‡∏ß‡∏à‡∏Å‡πá‡∏ï‡∏≤‡∏°‡∏ó‡∏µ‡πà‡πÄ‡∏´‡πá‡∏ô‡πÄ‡∏•‡∏¢‡πÑ‡∏°‡πà‡∏°‡∏µ‡∏Ñ‡∏ß‡∏≤‡∏°‡∏£‡∏∏‡∏ô‡πÅ‡∏£‡∏á‡πÑ‡∏°‡πà‡∏°‡∏µ‡πÉ‡∏Ñ‡∏£‡∏ö‡∏≤‡∏î‡πÄ‡∏à‡πá‡∏ö ‡∏ñ‡πâ‡∏≤‡∏â‡∏•‡∏≤‡∏î‡∏°‡∏≤‡∏Å‡∏û‡∏≠‡∏Å‡πá‡∏£‡∏π‡πâ‡πÅ‡∏•‡πâ‡∏ß‡πÄ‡∏ô‡∏≠‡∏∞‡∏ß‡πà‡∏≤‡∏Ñ‡∏ß‡∏≤‡∏°‡∏£‡∏∏‡∏ô‡πÅ‡∏£‡∏á‡∏ó‡∏µ‡πà‡πÄ‡∏Å‡∏¥‚Ä¶,0.0,0.0
‡∏Ç‡∏ô‡∏≤‡∏î‡πÄ‡∏õ‡πá‡∏î‡∏¢‡∏±‡∏á‡∏ó‡∏≥‡∏´‡∏ô‡πâ‡∏≤‡∏ó‡∏µ‡πà‡∏õ‡∏Å‡∏õ‡πâ‡∏≠‡∏á‡∏õ‡∏£‡∏∞‡∏ä‡∏≤‡∏ä‡∏ô‡πÑ‡∏î‡πâ‡∏î‡∏µ‡∏Å‡∏ß‡πà‡∏≤‡∏ï‡∏≥‡∏£‡∏ß‡∏à‡πÄ‡∏•‡∏¢... ‡∏°‡πá‡∏≠‡∏ö18‡∏û‡∏§‡∏®‡∏à‡∏¥‡∏Å‡∏≤ ,0.0,0.0
‡∏Å‡∏•‡∏∏‡πà‡∏°‡∏≠‡∏≤‡∏ä‡∏µ‡∏ß‡∏∞‡∏´‡∏ô‡πâ‡∏≤‡∏Å‡∏π ‚Äú‡∏°‡∏≠‡∏ö‡∏ï‡∏±‡∏ß‡∏ã‡∏∞ ‡πÄ‡∏õ‡πá‡∏î‡∏Å‡∏π‡πÑ‡∏î‡πâ‡∏•‡πâ‡∏≠‡∏°‡πÑ‡∏ß‡πâ‡∏´‡∏°‡∏î‡πÅ‡∏•‡πâ‡∏ß ‚Äú 55555555555555555555 ‡∏°‡πá‡∏≠‡∏ö18‡∏û‡∏§‡∏®‡∏à‡∏¥‡∏Å‡∏≤,0.0,0.0
"‡∏ñ‡∏ß‡∏≤‡∏¢‡∏ö‡∏±‡∏á‡∏Ñ‡∏°‡∏û‡πà‡∏∞‡∏¢‡πà‡∏∞‡∏Ñ‡πà‡∏∞ ‡∏Å‡∏£‡∏°‡∏´‡∏•‡∏ß‡∏á‡πÄ‡∏Å‡∏µ‡∏¢‡∏Å‡∏Å‡∏≤‡∏¢‡∏£‡∏≤‡∏©‡∏é‡∏£‡∏ö‡∏£‡∏¥‡∏£‡∏±‡∏Å‡∏©‡πå (‡∏≠‡∏á‡∏Ñ‡πå‡πÄ‡∏õ‡πá‡∏î) 
‡∏°‡πá‡∏≠‡∏ö18‡∏û‡∏§‡∏®‡∏à‡∏¥‡∏Å‡∏≤ ",0.0,0.0
‡∏Ñ‡∏ô‡πÑ‡∏õ‡∏°‡πá‡∏≠‡∏ö‡πÑ‡∏°‡πà‡πÄ‡πÄ‡∏ú‡πà‡∏ß‡πÄ‡∏•‡∏¢ ‡πÑ‡∏õ‡∏Å‡∏±‡∏ô‡πÄ‡∏¢‡∏≠‡∏∞‡∏°‡∏≤‡∏Å ‡πÉ‡∏ô‡πÄ‡∏ß‡∏•‡∏≤‡πÑ‡∏°‡πà‡∏Å‡∏µ‡πà‡∏ß‡∏±‡∏ô ‡∏ó‡∏∏‡∏Å‡∏Ñ‡∏ô‡∏¢‡∏¥‡πà‡∏á‡∏£‡∏±‡∏ö‡∏°‡∏∑‡∏≠‡∏™‡∏ñ‡∏≤‡∏ô‡∏Å‡∏≤‡∏£‡∏ì‡πå‡πÑ‡∏î‡πâ‡∏î‡∏µ‡∏Ç‡∏∂‡πâ‡∏ô ‡∏ß‡∏≤‡∏á‡πÄ‡πÄ‡∏ú‡∏ô‡∏Å‡∏£‡∏∞‡∏à‡∏≤‡∏¢‡∏™‡∏¥‡πà‡∏á‡∏Ç‡∏≠‡∏á ‡∏õ‡∏Å‡∏õ‡πâ‡∏≠‡∏á‡∏ï‡∏±‡∏ß‡πÄ‡∏≠‡∏á‡∏≠‚Ä¶,0.0,0.0
"‡∏Ñ‡∏¥‡∏î‡∏¢‡∏±‡∏á‡πÑ‡∏á‡∏Å‡∏±‡∏ö‡∏Å‡∏≤‡∏£‡∏ó‡∏µ‡πà‡πÑ‡∏°‡πà‡πÉ‡∏´‡πâ‡∏û‡∏£‡∏∞‡∏¢‡∏∏‡πà‡∏á‡πÄ‡∏Å‡∏µ‡πà‡∏¢‡∏ß‡∏Å‡∏≤‡∏£‡πÄ‡∏°‡∏∑‡∏≠‡∏á‡∏Ñ‡∏£‡∏±‡∏ö
""‡πÄ‡∏õ‡πá‡∏ô‡∏û‡∏£‡∏∞‡∏≠‡∏¢‡∏π‡πà ‡πÉ‡∏´‡πâ‡∏û‡∏£‡∏∞‡πÑ‡∏õ‡πÄ‡∏Å‡∏ì‡∏ë‡πå‡∏ó‡∏´‡∏≤‡∏£ ‡∏ô‡∏µ‡πà‡πÄ‡∏Å‡∏µ‡πà‡∏¢‡∏ß‡∏Å‡∏±‡∏ö‡∏Å‡∏≤‡∏£‡πÄ‡∏°‡∏∑‡∏≠‡∏á‡πÅ‡∏•‡πâ‡∏ß""
‡∏°‡πá‡∏≠‡∏ö18‡∏û‡∏§‡∏®‡∏à‡∏¥‡∏Å‡∏≤ http‚Ä¶",0.0,0.0
"‚Äú‡πÅ‡∏ï‡πà‡∏á‡∏ï‡∏±‡πâ‡∏á‡∏ö‡∏¥‡πä‡∏Å‡πÅ‡∏î‡∏á‡πÄ‡∏õ‡πá‡∏ô‡∏£‡∏≠‡∏á ‡∏ú‡∏≠.‡∏ó‡∏£‡∏±‡∏û‡∏¢‡πå‡∏™‡∏¥‡∏ô‚Äù ‡πÅ‡∏´‡∏°‡∏°‡∏°‡∏°‡∏°‡∏° ‡∏û‡∏≠‡πÄ‡∏Ñ‡πâ‡∏≤‡∏õ‡∏£‡∏∞‡∏Å‡∏≤‡∏®‡∏Å‡πá‡πÅ‡∏Ñ‡πà‡∏á‡∏ï‡∏±‡πâ‡∏á‡∏ó‡∏±‡∏ô‡∏ó‡∏µ‡πÄ‡∏•‡∏¢‡∏ô‡πâ‡∏≤‡∏≤‡∏≤‡∏≤ ‡πÇ‡∏≠‡πÄ‡∏Ñ!!‡∏ô‡∏±‡∏°‡πÄ‡∏ö‡∏≠‡∏£‡πå‡∏ß‡∏±‡∏ô‡∏ô‡∏ô‡∏ô!!
 ‡∏°‡πá‡∏≠‡∏ö18‡∏û‡∏§‡∏®‡∏à‡∏¥‡∏Å‡∏≤ h‚Ä¶",0.0,0.0
‡∏ï‡∏≥‡∏£‡∏ß‡∏à‡∏ä‡∏µ‡πâ‡πÉ‡∏´‡πâ‡∏î‡∏π‡πÅ‡∏•‡πâ‡∏ß‡∏ß‡πà‡∏≤‡∏ï‡∏£‡∏á‡∏ô‡∏µ‡πâ‡∏ô‡∏∞‡∏Ñ‡∏∞ ‡∏´‡πâ‡∏≤‡∏°‡πÄ‡∏õ‡∏¥‡∏î‡∏ù‡∏≤‡∏ï‡∏£‡∏á‡∏ô‡∏µ‡πâ‡∏ô‡∏∞‡∏Ñ‡∏∞ ‡∏´‡πâ‡∏≤‡∏°‡πÄ‡∏õ‡∏¥‡∏î‡∏ù‡∏≤‡πÉ‡∏™‡πà‡∏ï‡∏£‡∏á‡∏ô‡∏µ‡πâ‡∏ô‡∏∞‡∏Ñ‡∏∞ ‡πÄ‡∏´‡∏•‡∏∑‡∏≠‡∏≠‡∏µ‡∏Å‡∏Å‡∏µ‡πà‡∏Ñ‡∏±‡∏ô‡∏ô‡∏∞ ‡∏°‡πá‡∏≠‡∏ö18‡∏û‡∏§‡∏®‡∏à‡∏¥‡∏Å‡∏≤ ,0.0,0.0
"‡∏™‡∏µ‡∏™‡∏±‡∏ô‡∏Ç‡∏≠‡∏á‡∏õ‡∏£‡∏∞‡∏ä‡∏≤‡∏ò‡∏¥‡∏õ‡πÑ‡∏ï‡∏¢‡πÅ‡∏•‡∏∞‡∏Ñ‡∏ô‡∏ó‡∏µ‡πà‡∏°‡∏µ‡∏≠‡∏∏‡∏î‡∏°‡∏Å‡∏≤‡∏£‡∏ì‡πå‡πÄ‡∏î‡∏µ‡∏¢‡∏ß‡∏Å‡∏±‡∏ô III
 ‡∏°‡πá‡∏≠‡∏ö18‡∏û‡∏§‡∏®‡∏à‡∏¥‡∏Å‡∏≤ ",0.0,0.0
‡∏£‡∏ß‡∏°‡πÄ‡∏à‡πâ‡∏≤‡πÄ‡∏õ‡πá‡∏î‡∏Å‡πâ‡∏≤‡∏ö‡πÜ‡πÉ‡∏ô ‡∏°‡πá‡∏≠‡∏ö18‡∏û‡∏§‡∏®‡∏à‡∏¥‡∏Å‡∏≤ (1) üê£ü¶Üüê• ,0.0,0.0
"‡πÉ‡∏Ñ‡∏£‡πÄ‡∏õ‡πá‡∏ô‡∏Ñ‡∏ô‡∏ó‡∏±‡∏°55555555555555555
5555555555555555555555555555555555555555555555555555555555
‡∏°‡πá‡∏≠‡∏ö18‡∏û‡∏§‡∏®‡∏à‡∏¥‡∏Å‡∏≤ ",0.0,0.0
"‡∏£‡∏¥‡∏ö‡∏ö‡∏¥‡πâ‡∏ô‡∏™‡∏µ‡∏™‡πâ‡∏° = ‡πÄ‡∏î‡πá‡∏Å‡∏ï‡πà‡∏≥‡∏Å‡∏ß‡πà‡∏≤ 15 ‡∏õ‡∏µ
‡∏£‡∏¥‡∏ö‡∏ö‡∏¥‡πâ‡∏ô‡∏™‡∏µ‡∏ä‡∏°‡∏û‡∏π = ‡πÄ‡∏î‡πá‡∏Å‡∏ï‡πà‡∏≥‡∏Å‡∏ß‡πà‡∏≤ 18 ‡∏õ‡∏µ
‡∏ú‡πâ‡∏≤‡∏ú‡∏π‡∏Å‡∏™‡∏µ‡πÅ‡∏î‡∏á = ‡∏ù‡πà‡∏≤‡∏¢‡πÅ‡∏û‡∏ó‡∏¢‡πå‚Äã‡πÅ‡∏•‡∏∞‡∏û‡∏¢‡∏≤‡∏ö‡∏≤‡∏•

‡∏ù‡∏≤‡∏Å‡∏Å‡∏£‡∏∞‡∏à‡∏≤‡∏¢‡∏Ç‡πà‡∏≤‡∏ß‡∏î‡πâ‡∏ß‡∏¢‡∏Ñ‡πà‡∏∞‚Ä¶",0.0,0.0
'‡∏™‡∏°‡πÄ‡∏î‡πá‡∏à‡∏û‡∏£‡∏∞‡πÄ‡∏à‡πâ‡∏≤‡∏ô‡πâ‡∏≠‡∏ô‡∏¢‡∏≤‡πÄ‡∏ò‡∏≠‡∏Å‡∏£‡∏°‡∏´‡∏•‡∏ß‡∏á‡πÄ‡∏Å‡∏µ‡∏¢‡∏Å‡∏Å‡∏≤‡∏¢‡∏£‡∏≤‡∏©‡∏é‡∏£‡∏ö‡∏£‡∏¥‡∏£‡∏±‡∏Å‡∏©‡πå' ‡∏û‡∏£‡∏∞‡∏≠‡∏á‡∏Ñ‡πå‡∏ó‡∏£‡∏á‡∏á‡∏≤‡∏ô‡∏´‡∏ô‡∏±‡∏Å‡∏°‡∏≤‡∏Å‡∏à‡∏£‡∏¥‡∏á‡πÜ ‡∏û‡∏£‡∏∞‡∏≠‡∏á‡∏Ñ‡πå‡∏ó‡∏£‡∏á‡∏õ‡∏Å‡∏õ‡πâ‡∏≠‡∏á‡∏£‡∏≤‡∏©‡∏é‡∏£‡∏≠‡∏¢‡πà‡∏≤‡∏á‡πÄ‡∏ï‡πá‡∏°‡∏ó‡∏µ‡πà‡πÇ‡∏î‡∏¢‡∏ó‡∏µ‡πà‡πÑ‡∏°‡πà‡πÄ‡∏´‚Ä¶,0.0,0.0
"‡πÅ‡∏°‡πà‡πÄ‡∏à‡∏µ‡πä‡∏¢‡∏ö‡∏õ‡∏±‡∏á‡∏°‡∏≤‡∏Å ‡∏ú‡∏π‡πâ(‡πÄ‡∏ï‡πâ‡∏ô)‡πÅ‡∏ó‡∏ô‡∏£‡∏≤‡∏©‡∏é‡∏£5555
‡∏°‡πá‡∏≠‡∏ö18‡∏û‡∏§‡∏®‡∏à‡∏¥‡∏Å‡∏≤ ‡∏Å‡πâ‡∏≤‡∏ß‡πÑ‡∏Å‡∏• ",0.0,0.0
‡∏ù‡∏≤‡∏Å‡∏î‡πâ‡∏ß‡∏¢‡∏ô‡∏∞‡∏Ñ‡∏∞ ‡∏ï‡∏≥‡∏£‡∏ß‡∏à‡∏î‡∏≥‡πÄ‡∏ô‡∏¥‡∏ô‡∏Ñ‡∏î‡∏µ‡∏Å‡∏±‡∏ö‡∏Ñ‡∏ì‡∏û‡∏® ‡πÅ‡∏¢‡πâ‡∏°‡∏™‡∏á‡∏ß‡∏ô‡∏®‡∏±‡∏Å‡∏î‡∏¥‡πå ‡πÄ‡∏¢‡∏≤‡∏ß‡∏ä‡∏ô‡∏≠‡∏≤‡∏¢‡∏∏16‡∏õ‡∏µ ‡∏ô‡∏±‡∏ö‡∏ß‡πà‡∏≤‡πÄ‡∏î‡πá‡∏Å‡∏ó‡∏µ‡πà‡∏™‡∏∏‡∏î‡πÅ‡∏•‡πâ‡∏ß‡∏ó‡∏µ‡πà‡πÇ‡∏î‡∏ô ‡∏ï‡∏≠‡∏ô‡∏ô‡∏µ‡πâ‡πÑ‡∏î‡πâ‡∏£‡∏±‡∏ö‡∏´‡∏°‡∏≤‡∏¢‡πÄ‡∏£‡∏µ‡∏¢‡∏Å‡∏ú‡∏π‡πâ‡∏ï‡πâ‡∏≠‡∏á‚Ä¶,0.0,0.0
Oops ü§≠ ‡∏°‡πá‡∏≠‡∏ö18‡∏û‡∏§‡∏®‡∏à‡∏¥‡∏Å‡∏≤ ,0.0,0.0
"‡πÑ‡∏°‡πà‡πÑ‡∏î‡πâ‡∏â‡∏µ‡∏î‡πÄ‡∏≠‡∏≤‡∏ä‡∏ô‡∏∞ ‡∏â‡∏µ‡∏î‡πÄ‡∏û‡∏£‡∏≤‡∏∞‡∏≠‡∏¢‡∏≤‡∏Å‡∏Å‡∏ß‡∏ô‡∏ï‡∏µ‡∏ô 555555555555555
‡∏°‡πá‡∏≠‡∏ö18‡∏û‡∏§‡∏®‡∏à‡∏¥‡∏Å‡∏≤ ",0.0,0.0
‡∏ä‡πà‡∏ß‡∏¢‡∏Å‡∏±‡∏ô‡∏£‡∏µ‡∏´‡∏ô‡πà‡∏≠‡∏¢‡∏Ñ‡∏£‡∏±‡∏ö ‡∏£‡∏ñ‡∏ô‡πâ‡∏≥‡∏°‡∏≤‡πÅ‡∏•‡πâ‡∏ß ‡∏°‡πá‡∏≠‡∏ö18‡∏û‡∏§‡∏®‡∏à‡∏¥‡∏Å‡∏≤ ,0.0,0.0
"‚Äú‡∏£‡∏≤‡∏©‡∏é‡∏£‡πÇ‡∏ï‡πâ‡∏Å‡∏•‡∏±‡∏ö!‚Äù
‚Äî
18‡∏û‡∏§‡∏®‡∏à‡∏¥‡∏Å‡∏≤‡πÑ‡∏õ‡∏£‡∏≤‡∏©‡∏é‡∏£‡πå‡∏õ‡∏£‡∏∞‡∏™‡∏á‡∏Ñ‡πå
‡∏°‡πá‡∏≠‡∏ö18‡∏û‡∏§‡∏®‡∏à‡∏¥‡∏Å‡∏≤ ",0.0,0.0
LOVE DUCKS ALL THE SAMEüê§. ‡∏°‡πá‡∏≠‡∏ö18‡∏û‡∏§‡∏®‡∏à‡∏¥‡∏Å‡∏≤ 18‡∏û‡∏§‡∏®‡∏à‡∏¥‡∏Å‡∏≤‡πÑ‡∏õ‡∏£‡∏≤‡∏©‡∏é‡∏£‡πå‡∏õ‡∏£‡∏∞‡∏™‡∏á‡∏Ñ‡πå ‡πÄ‡∏õ‡πá‡∏î‡∏¢‡∏≤‡∏á ,0.6,0.5
"‡πÅ‡∏Å‡∏ô‡∏ô‡∏≥‡∏≠‡∏≤‡∏ä‡∏µ‡∏ß‡∏∞‡∏¢‡∏±‡∏á‡∏õ‡∏£‡∏≤‡∏®‡∏£‡∏±‡∏¢‡∏ï‡πà‡∏≠ 

""‡∏≠‡∏¢‡πà‡∏≤‡πÉ‡∏´‡πâ‡πÄ‡∏£‡∏∑‡πà‡∏≠‡∏á‡∏ô‡∏µ‡πâ‡πÄ‡∏á‡∏µ‡∏¢‡∏ö ‡πÄ‡∏°‡∏∑‡πà‡∏≠‡∏ß‡∏≤‡∏ô‡πÄ‡∏î‡πá‡∏Å‡∏≠‡∏≤‡∏ä‡∏µ‡∏ß‡∏∞‡πÇ‡∏î‡∏ô‡∏¢‡∏¥‡∏á‡πÑ‡∏õ 7 ‡∏Ñ‡∏ô ‡πÇ‡∏î‡∏ô‡∏ü‡∏±‡∏ô‡πÑ‡∏õ 2 ‡∏Ñ‡∏ô ‡πÇ‡∏î‡∏ô‡∏Å‡πâ‡∏≠‡∏ô‡∏´‡∏¥‡∏ô‡∏≠‡∏µ‡∏Å‡∏´‡∏•‡∏≤‡∏¢‡∏Ñ‡∏ô ‡∏≠‡∏≤‡∏ä‡∏µ‡∏ß‡∏∞‡πÑ‡∏°‡πà‚Ä¶",0.0,0.0
‡πÇ‡∏≠‡πâ‡∏¢ ‡∏ô‡πà‡∏≤‡∏£‡∏±‡∏Å‡∏Å‡∏Å‡∏Å‡∏Å ‡∏õ‡∏±‡∏á‡∏°‡∏≤‡∏Å‡πÅ‡∏°‡πà ‡∏ô‡∏±‡∏Å‡∏Ç‡πà‡∏≤‡∏ß‡∏°‡∏≤‡πÄ‡∏≠‡∏≤‡∏Ñ‡∏•‡∏¥‡∏õ‡πÅ‡∏ö‡∏ö‡∏ô‡∏µ‡πâ‡∏•‡∏á‡∏ö‡πâ‡∏≤‡∏á‡∏î‡∏¥ ‡∏Ñ‡∏ô‡∏ó‡∏µ‡πà‡πÑ‡∏°‡πà‡πÑ‡∏î‡πâ‡πÄ‡∏•‡πà‡∏ô‡∏ó‡∏ß‡∏¥‡∏ï‡πÄ‡∏Ç‡∏≤‡∏à‡∏∞‡πÑ‡∏î‡πâ‡πÄ‡∏´‡πá‡∏ô‡∏ß‡πà‡∏≤‡∏°‡πá‡∏≠‡∏ö‡πÑ‡∏°‡πà‡πÑ‡∏î‡πâ‡∏£‡∏∏‡∏ô‡πÅ‡∏£‡∏á‡∏≠‡∏¢‡πà‡∏≤‡∏á‡∏ó‡∏µ‡πà‡πÄ‡∏Ç‡∏≤‡∏Ñ‡∏¥‡∏î‡∏Å‡∏±‡∏ô‚Ä¶,0.0,0.0
‡∏•‡∏≥‡πÄ‡∏•‡∏µ‡∏¢‡∏á‡∏ñ‡∏±‡∏á‡∏™‡∏µ‡πÅ‡∏•‡πâ‡∏ß‡∏Ñ‡πà‡∏≤‡∏≤‡∏≤ ‡∏°‡πá‡∏≠‡∏ö18‡∏û‡∏§‡∏®‡∏à‡∏¥‡∏Å‡∏≤ ,0.0,0.0
‡πÇ‡∏´‡∏î‡∏™‡∏±‡∏™‡∏î‡∏î‡∏î ‡∏°‡πá‡∏≠‡∏ö18‡∏û‡∏§‡∏®‡∏à‡∏¥‡∏Å‡∏≤ ,0.0,0.0
Royal Thai Police headquarters in Bangkok. Whatshappeninginthailand ‡∏°‡πá‡∏≠‡∏ö18‡∏û‡∏§‡∏®‡∏à‡∏¥‡∏Å‡∏≤ ,0.0,0.0
‡πÇ‡∏≠‡πâ‡∏¢‚Äã ‡∏Å‡∏∏‡∏≠‡∏≤‡∏¢‡∏°‡∏≤‡∏Å‚Äã ‡∏Å‡πá‡∏Å‡∏•‡πâ‡∏≤‡∏ó‡∏µ‡πà‡∏à‡∏∞‡πÅ‡∏à‡πâ‡∏á‡∏à‡∏±‡∏ö‡∏Ñ‡∏ô‡∏ó‡∏µ‡πà‡πÄ‡∏≠‡∏≤‡∏õ‡∏£‡∏∞‡∏ä‡∏≤‡∏ò‡∏¥‡∏õ‡πÑ‡∏ï‡∏¢‚Äã ‡πÉ‡∏ô‡∏õ‡∏£‡∏∞‡πÄ‡∏ó‡∏®‡∏ó‡∏µ‡πà‡∏õ‡∏£‡∏∞‡∏ó‡πâ‡∏ß‡∏á‡∏à‡∏ô‡πÑ‡∏î‡πâ‡∏õ‡∏£‡∏∞‡∏ä‡∏≤‡∏ò‡∏¥‡∏õ‡πÑ‡∏ï‡∏¢‡πÄ‡∏ô‡∏≤‡∏∞‚Äã ‡∏≠‡∏≠‡∏Å‡∏°‡∏≤‚Äã ‡∏ô‡∏ï‡∏ã‡πÄ‡∏Å‡∏≤‡∏´‡∏•‡∏µ‡∏≠‡∏≠‡∏Å‡∏°‡∏≤‡πÅ‡∏™‡∏î‡∏á‡∏û‡∏•‡∏±‡∏á‚Ä¶,0.0,0.0
"‡πÅ‡∏Å‡∏ô‡∏ô‡∏≥‡∏≠‡∏≤‡∏ä‡∏µ‡∏ß‡∏∞‡∏¢‡∏±‡∏á‡∏õ‡∏£‡∏≤‡∏®‡∏£‡∏±‡∏¢‡∏ï‡πà‡∏≠ 

""‡∏≠‡∏¢‡πà‡∏≤‡πÉ‡∏´‡πâ‡πÄ‡∏£‡∏∑‡πà‡∏≠‡∏á‡∏ô‡∏µ‡πâ‡πÄ‡∏á‡∏µ‡∏¢‡∏ö ‡πÄ‡∏°‡∏∑‡πà‡∏≠‡∏ß‡∏≤‡∏ô‡πÄ‡∏î‡πá‡∏Å‡∏≠‡∏≤‡∏ä‡∏µ‡∏ß‡∏∞‡πÇ‡∏î‡∏ô‡∏¢‡∏¥‡∏á‡πÑ‡∏õ 7 ‡∏Ñ‡∏ô ‡πÇ‡∏î‡∏ô‡∏ü‡∏±‡∏ô‡πÑ‡∏õ 2 ‡∏Ñ‡∏ô ‡πÇ‡∏î‡∏ô‡∏Å‡πâ‡∏≠‡∏ô‡∏´‡∏¥‡∏ô‡∏≠‡∏µ‡∏Å‡∏´‡∏•‡∏≤‡∏¢‡∏Ñ‡∏ô ‡∏≠‡∏≤‡∏ä‡∏µ‡∏ß‡∏∞‡πÑ‡∏°‡πà‚Ä¶",0.0,0.0
‡∏≠‡∏¥‡∏°‡πÅ‡∏û‡∏Ñ‡∏ä‡∏¥‡∏ö‡∏´‡∏≤‡∏¢ ‡∏°‡πá‡∏≠‡∏ö18‡∏û‡∏§‡∏®‡∏à‡∏¥‡∏Å‡∏≤ ,0.0,0.0
‡∏Ñ‡∏ô‡πÑ‡∏õ‡∏°‡πá‡∏≠‡∏ö‡πÑ‡∏°‡πà‡πÄ‡πÄ‡∏ú‡πà‡∏ß‡πÄ‡∏•‡∏¢ ‡πÑ‡∏õ‡∏Å‡∏±‡∏ô‡πÄ‡∏¢‡∏≠‡∏∞‡∏°‡∏≤‡∏Å ‡πÉ‡∏ô‡πÄ‡∏ß‡∏•‡∏≤‡πÑ‡∏°‡πà‡∏Å‡∏µ‡πà‡∏ß‡∏±‡∏ô ‡∏ó‡∏∏‡∏Å‡∏Ñ‡∏ô‡∏¢‡∏¥‡πà‡∏á‡∏£‡∏±‡∏ö‡∏°‡∏∑‡∏≠‡∏™‡∏ñ‡∏≤‡∏ô‡∏Å‡∏≤‡∏£‡∏ì‡πå‡πÑ‡∏î‡πâ‡∏î‡∏µ‡∏Ç‡∏∂‡πâ‡∏ô ‡∏ß‡∏≤‡∏á‡πÄ‡πÄ‡∏ú‡∏ô‡∏Å‡∏£‡∏∞‡∏à‡∏≤‡∏¢‡∏™‡∏¥‡πà‡∏á‡∏Ç‡∏≠‡∏á ‡∏õ‡∏Å‡∏õ‡πâ‡∏≠‡∏á‡∏ï‡∏±‡∏ß‡πÄ‡∏≠‡∏á‡∏≠‚Ä¶,0.0,0.0
‡∏ä‡πà‡∏ß‡∏¢‡∏ô‡πâ‡∏≠‡∏á‡πÄ‡∏Ç‡∏≤‡∏´‡∏ô‡πà‡∏≠‡∏¢‡∏Ñ‡πà‡∏∞‡πÅ‡∏ö‡∏ö‡∏™‡∏≠‡∏ö‡∏ñ‡∏≤‡∏°‡∏à‡∏ö ‡∏õ.‡πÇ‡∏ó ‡πÄ‡∏£‡∏µ‡∏¢‡∏ô‡πÑ‡∏õ‡∏î‡πâ‡∏ß‡∏¢‡∏ï‡πà‡∏≠‡∏™‡∏π‡πâ‡πÄ‡∏û‡∏∑‡πà‡∏≠‡∏õ‡∏£‡∏∞‡∏ä‡∏≤‡∏ò‡∏¥‡∏õ‡πÑ‡∏ï‡∏¢‡πÑ‡∏õ‡∏î‡πâ‡∏ß‡∏¢‡∏Ñ‡πà‡∏∞ ‡∏°‡πá‡∏≠‡∏ö18‡∏û‡∏§‡∏®‡∏à‡∏¥‡∏Å‡∏≤ ,0.0,0.0
‡∏£‡∏ß‡∏°‡πÄ‡∏à‡πâ‡∏≤‡πÄ‡∏õ‡πá‡∏î‡∏Å‡πâ‡∏≤‡∏ö‡πÜ‡πÉ‡∏ô ‡∏°‡πá‡∏≠‡∏ö18‡∏û‡∏§‡∏®‡∏à‡∏¥‡∏Å‡∏≤ (1) üê£ü¶Üüê• ,0.0,0.0
‡∏õ‡∏£‡∏∞‡πÄ‡∏ó‡∏®‡πÑ‡∏ó‡∏¢‡πÄ‡∏õ‡πá‡∏ô‡∏õ‡∏£‡∏∞‡∏ä‡∏≤‡∏ò‡∏¥‡∏õ‡πÑ‡∏ï‡∏¢ ‡∏ó‡∏µ‡πà‡∏°‡∏µ‡∏´‡∏°‡∏≤‡∏Å‡∏©‡∏±‡∏ï‡∏£‡∏¥‡∏¢‡πå‡πÄ‡∏õ‡πá‡∏ô‡∏Ü‡∏≤‡∏ï‡∏Å‡∏£ ‡∏°‡πá‡∏≠‡∏ö18‡∏û‡∏§‡∏®‡∏à‡∏¥‡∏Å‡∏≤ ,0.0,0.0
‡∏™‡∏≤‡∏î‡∏™‡∏µ‡πÄ‡∏´‡∏•‡∏∑‡∏≠‡∏á‡πÄ‡∏Ç‡πâ‡∏≤‡πÑ‡∏õ‡πÅ‡∏•‡πâ‡∏ß ‡∏™‡∏∏‡∏î‡∏à‡∏±‡∏î ‡πÄ‡∏≠‡∏≤‡∏≠‡∏µ‡∏Å‡πÜ‡πÜ ‡∏°‡πá‡∏≠‡∏ö18‡∏û‡∏§‡∏®‡∏à‡∏¥‡∏Å‡∏≤ ,0.0,0.0
"‡πÄ‡∏£‡∏≤‡∏Ñ‡∏∑‡∏≠‡πÄ‡∏û‡∏∑‡πà‡∏≠‡∏ô‡∏Å‡∏±‡∏ô lll 
‡∏°‡πá‡∏≠‡∏ö18‡∏û‡∏§‡∏®‡∏à‡∏¥‡∏Å‡∏≤ ",0.0,0.0
"‡∏Ñ‡∏≥‡∏Ç‡∏≠‡∏Ç‡∏≠‡∏á‡πÅ‡∏Å‡∏ô‡∏ô‡∏≥‡∏≠‡∏≤‡∏ä‡∏µ‡∏ß‡∏∞
- ‡∏≠‡∏¢‡πà‡∏≤‡πÉ‡∏´‡πâ‡πÄ‡∏£‡∏∑‡πà‡∏≠‡∏á‡πÄ‡∏°‡∏∑‡πà‡∏≠‡∏ß‡∏≤‡∏ô‡πÄ‡∏á‡∏µ‡∏¢‡∏ö ‡∏≠‡∏¢‡πà‡∏≤‡πÉ‡∏´‡πâ‡∏û‡∏µ‡πà‡∏ô‡πâ‡∏≠‡∏á‡∏≠‡∏≤‡∏ä‡∏µ‡∏ß‡∏∞‡∏ñ‡∏π‡∏Å‡∏¢‡∏¥‡∏á‡∏ü‡∏£‡∏µ ‡∏≠‡∏¢‡∏≤‡∏Å‡πÉ‡∏´‡πâ‡∏ó‡∏∏‡∏Å‡∏Ñ‡∏ô‡πÅ‡∏•‡∏∞‡∏™‡∏∑‡πà‡∏≠‡πÄ‡∏õ‡πá‡∏ô‡∏Å‡∏£‡∏∞‡∏ö‡∏≠‡∏Å‡πÄ‡∏™‡∏µ‡∏¢‡∏á
-‡∏≠‡∏¢‡πà‡∏≤‡∏ó‡∏¥‡πâ‡∏á‚Ä¶",0.0,0.0
"‡∏™‡∏µ‡∏™‡∏±‡∏ô‡∏Ç‡∏≠‡∏á‡∏õ‡∏£‡∏∞‡∏ä‡∏≤‡∏ò‡∏¥‡∏õ‡πÑ‡∏ï‡∏¢‡πÅ‡∏•‡∏∞‡∏Ñ‡∏ô‡∏ó‡∏µ‡πà‡∏°‡∏µ‡∏≠‡∏∏‡∏î‡∏°‡∏Å‡∏≤‡∏£‡∏ì‡πå‡πÄ‡∏î‡∏µ‡∏¢‡∏ß‡∏Å‡∏±‡∏ô III
 ‡∏°‡πá‡∏≠‡∏ö18‡∏û‡∏§‡∏®‡∏à‡∏¥‡∏Å‡∏≤ ",0.0,0.0
‡πÇ‡∏≠‡πÇ‡∏´‡∏´‡∏´‡∏´‡∏´‡∏´‡∏´‡∏õ‡∏±‡∏á‡∏°‡∏≤‡∏Å‡∏Å‡∏Å‡∏Å‡∏Å ‡πÄ‡∏≠‡∏≤‡∏≠‡∏µ‡∏Å‡∏Å‡∏Å‡∏™‡∏≤‡∏î‡∏î‡∏≠‡∏µ‡∏Å‡∏™‡∏≤‡∏î‡πÄ‡∏¢‡∏≠‡∏∞‡πÜ‡πÜ‡πÜ‡πÜ‡πÜ‡πÜ ‡∏°‡πá‡∏≠‡∏ö18‡∏û‡∏§‡∏®‡∏à‡∏¥‡∏Å‡∏≤  ,0.0,0.0
"‡πÄ‡∏ï‡πá‡∏°‡∏û‡∏∑‡πâ‡∏ô‡∏ó‡∏µ‡πà‡∏£‡∏≤‡∏ä‡∏õ‡∏£‡∏∞‡∏™‡∏á‡∏Ñ‡πå‡πÅ‡∏•‡πâ‡∏ß‡∏Ñ‡∏£‡∏±‡∏ö 

‡∏°‡πá‡∏≠‡∏ö18‡∏û‡∏§‡∏®‡∏à‡∏¥‡∏Å‡∏≤ 
18‡∏û‡∏§‡∏®‡∏à‡∏¥‡∏Å‡∏≤‡πÑ‡∏õ‡∏£‡∏≤‡∏©‡∏é‡∏£‡πå‡∏õ‡∏£‡∏∞‡∏™‡∏á‡∏Ñ‡πå ",0.0,0.0
"‡∏ó‡∏∏‡∏Å‡∏Ñ‡∏ô‡∏Ñ‡∏∞ ‡∏°‡∏¥‡∏ß ‡∏•‡∏±‡∏Å‡∏©‡∏ì‡πå‡∏ô‡∏≤‡∏£‡∏≤ ‡∏≠‡∏≠‡∏Å‡∏°‡∏≤‡πÄ‡∏õ‡πá‡∏ô‡∏Å‡∏£‡∏∞‡∏ö‡∏≠‡∏Å‡πÄ‡∏™‡∏µ‡∏¢‡∏á‡∏õ‡∏£‡∏∞‡∏ä‡∏≤‡∏ò‡∏¥‡∏õ‡πÑ‡∏ï‡∏¢‡∏•‡πà‡∏≤‡∏™‡∏∏‡∏î‡πÇ‡∏î‡∏ô‡πÅ‡∏Ñ‡∏ô‡πÄ‡∏ã‡∏¥‡∏•‡∏•‡∏∞‡∏Ñ‡∏£‡πÅ‡∏•‡πâ‡∏ß‡∏Ñ‡πà‡∏∞ 
‡πÉ‡∏Ñ‡∏£‡∏≠‡∏¢‡∏≤‡∏Å‡∏à‡∏≤‡∏Å‡∏á‡∏≤‡∏ô‡∏ô‡∏≤‡∏á‡∏ï‡∏¥‡∏î‡∏ï‡πà‡∏≠‡πÄ‡∏ö‡∏≠‡∏£‡πå‡πÅ‡∏•‡∏∞‡πÑ‡∏≠‡∏î‡∏µ‡πÑ‡∏•‡∏ô‡πå‚Ä¶",0.0,0.0
"‡πÅ‡∏ï‡πà‡∏•‡∏∞‡∏Ñ‡∏ô‡∏°‡∏µ‡∏Ñ‡∏ß‡∏≤‡∏°‡∏™‡∏≤‡∏°‡∏≤‡∏£‡∏ñ‡∏Å‡∏±‡∏ô‡∏°‡∏≤‡∏Å‡πÜ‡πÄ‡∏•‡∏¢‡∏≠‡πà‡∏∞ ‡∏ñ‡πâ‡∏≤‡∏Å‡∏≤‡∏£‡πÄ‡∏°‡∏∑‡∏≠‡∏á‡∏î‡∏µ‡∏û‡∏ß‡∏Å‡πÄ‡∏Ñ‡πâ‡∏≤‡∏Ñ‡∏á‡∏ñ‡∏π‡∏Å‡∏ú‡∏•‡∏±‡∏Å‡∏î‡∏±‡∏ô‡πÑ‡∏õ‡πÑ‡∏î‡πâ‡πÑ‡∏Å‡∏•‡∏Å‡∏ß‡πà‡∏≤‡∏ô‡∏µ‡πâ ‡∏°‡πá‡∏≠‡∏ö18‡∏û‡∏§‡∏®‡∏à‡∏¥‡∏Å‡∏≤ 
 ",0.0,0.0
"‡πÑ‡∏°‡πà‡∏°‡∏µ‡∏ï‡∏≥‡∏£‡∏ß‡∏à  = ‡πÑ‡∏°‡πà‡∏°‡∏µ‡∏Ñ‡∏ß‡∏≤‡∏°‡∏£‡∏∏‡∏ô‡πÅ‡∏£‡∏á
‡πÑ‡∏°‡πà‡∏°‡∏µ‡∏£‡∏ñ‡∏â‡∏µ‡∏î‡∏ô‡πâ‡∏≥ =‡πÑ‡∏°‡πà‡∏°‡∏µ‡∏Ñ‡∏ß‡∏≤‡∏°‡∏£‡∏∏‡∏ô‡πÅ‡∏£‡∏á
‡πÑ‡∏°‡πà‡∏°‡∏µ‡πÄ‡∏™‡∏∑‡πâ‡∏≠‡πÄ‡∏´‡∏•‡∏∑‡∏≠‡∏á =‡πÑ‡∏°‡πà‡∏°‡∏µ‡∏Ñ‡∏ß‡∏≤‡∏°‡∏£‡∏∏‡∏ô‡πÅ‡∏£‡∏á
‡∏°‡πá‡∏≠‡∏ö18‡∏û‡∏§‡∏®‡∏à‡∏¥‡∏Å‡∏≤ ",0.0,0.0
‡∏≠‡∏¥‡∏°‡πÅ‡∏û‡∏Ñ‡∏ä‡∏¥‡∏ö‡∏´‡∏≤‡∏¢ ‡∏°‡πá‡∏≠‡∏ö18‡∏û‡∏§‡∏®‡∏à‡∏¥‡∏Å‡∏≤ ,0.0,0.0
"‡∏•‡πà‡∏≤‡∏™‡∏∏‡∏î‡∏™‡∏ñ‡∏≤‡∏ô‡∏ó‡∏π‡∏ï‡πÑ‡∏ó‡∏¢‡πÉ‡∏ô‡πÄ‡∏Å‡∏≤‡∏´‡∏•‡∏µ ‡πÅ‡∏à‡πâ‡∏á‡∏à‡∏±‡∏ö‡∏Ñ‡∏ô‡∏ó‡∏µ‡πà‡∏ï‡∏¥‡∏î‡πÇ‡∏õ‡∏™‡πÄ‡∏ï‡∏≠‡∏£‡πå‡πÄ‡∏ï‡∏≠‡∏£‡πå‡∏™‡∏ô‡∏±‡∏ö‡∏™‡∏ô‡∏∏‡∏ô‡∏õ‡∏£‡∏∞‡∏ä‡∏≤‡∏ò‡∏¥‡∏õ‡πÑ‡∏ï‡∏¢‡∏ó‡∏µ‡πà‡πÅ‡∏•‡πâ‡∏ß‡∏à‡πâ‡∏≤‡∏≤
‡∏°‡πá‡∏≠‡∏ö18‡∏û‡∏§‡∏®‡∏à‡∏¥‡∏Å‡∏≤ ",0.0,0.0
"‡πÅ‡∏Å‡∏ô‡∏ô‡∏≥‡∏≠‡∏≤‡∏ä‡∏µ‡∏ß‡∏∞‡∏¢‡∏±‡∏á‡∏õ‡∏£‡∏≤‡∏®‡∏£‡∏±‡∏¢‡∏ï‡πà‡∏≠ 

""‡∏≠‡∏¢‡πà‡∏≤‡πÉ‡∏´‡πâ‡πÄ‡∏£‡∏∑‡πà‡∏≠‡∏á‡∏ô‡∏µ‡πâ‡πÄ‡∏á‡∏µ‡∏¢‡∏ö ‡πÄ‡∏°‡∏∑‡πà‡∏≠‡∏ß‡∏≤‡∏ô‡πÄ‡∏î‡πá‡∏Å‡∏≠‡∏≤‡∏ä‡∏µ‡∏ß‡∏∞‡πÇ‡∏î‡∏ô‡∏¢‡∏¥‡∏á‡πÑ‡∏õ 7 ‡∏Ñ‡∏ô ‡πÇ‡∏î‡∏ô‡∏ü‡∏±‡∏ô‡πÑ‡∏õ 2 ‡∏Ñ‡∏ô ‡πÇ‡∏î‡∏ô‡∏Å‡πâ‡∏≠‡∏ô‡∏´‡∏¥‡∏ô‡∏≠‡∏µ‡∏Å‡∏´‡∏•‡∏≤‡∏¢‡∏Ñ‡∏ô ‡∏≠‡∏≤‡∏ä‡∏µ‡∏ß‡∏∞‡πÑ‡∏°‡πà‚Ä¶",0.0,0.0
‡πÄ‡∏´‡πá‡∏ô‡∏Å‡∏µ‡πà‡∏Ñ‡∏£‡∏±‡πâ‡∏á‡∏Å‡πá‡∏Ç‡∏ô‡∏•‡∏∏‡∏Å‡∏Ñ‡∏ô‡πÄ‡∏¢‡∏≠‡∏∞‡∏°‡∏≤‡∏Å ‡∏¢‡∏¥‡πà‡∏á‡∏û‡∏ß‡∏Å‡∏°‡∏±‡∏ô‡πÉ‡∏ä‡πâ‡∏ß‡∏¥‡∏ò‡∏µ‡∏£‡∏∏‡∏ô‡πÅ‡∏£‡∏á‡πÄ‡∏ó‡πà‡∏≤‡πÑ‡∏´‡∏£‡πà ‡∏Ñ‡∏¥‡∏î‡∏ß‡πà‡∏≤‡∏Ñ‡∏ô‡∏à‡∏∞‡∏Å‡∏•‡∏±‡∏ß‡πÅ‡∏•‡πâ‡∏ß‡πÑ‡∏°‡πà‡∏Å‡∏•‡πâ‡∏≤‡∏≠‡∏≠‡∏Å‡∏°‡∏≤‡∏≠‡∏µ‡∏Å‡∏°‡∏∂‡∏á‡∏Ñ‡∏¥‡∏î‡∏ú‡∏¥‡∏î ‡∏¢‡∏¥‡πà‡∏á‡∏°‡∏∂‡∏á‡∏ó‡∏≥‡∏£‡∏∏‡∏ô‡πÅ‡∏£‡∏á‡πÄ‡∏ó‡πà‚Ä¶,0.0,0.0
‡∏°‡πá‡∏≠‡∏ö‡∏õ‡∏£‡∏∞‡πÄ‡∏ó‡∏®‡πÑ‡∏ó‡∏¢‡∏ô‡∏µ‡πà‡∏°‡∏±‡∏ô‡πÇ‡∏Ñ‡∏ï‡∏£‡∏™‡∏∏‡∏î‡πÄ‡∏•‡∏¢ ‡∏™‡∏∏‡∏î‡πÄ‡∏£‡∏∑‡πà‡∏≠‡∏á‡∏Ñ‡∏ß‡∏≤‡∏°‡∏Å‡∏ß‡∏ô‡∏ï‡∏µ‡∏ô‡∏î‡πâ‡∏ß‡∏¢ ‡∏£‡∏ñ‡∏ô‡πâ‡∏≥‡∏Ç‡∏≠‡∏á‡∏ï‡∏±‡∏ß‡πÄ‡∏≠‡∏á‡∏•‡∏∞‡∏´‡∏ô‡∏∂‡πà‡∏á ‡∏õ‡πâ‡∏≤‡∏¢‡∏ó‡∏µ‡πà‡∏ï‡∏¥‡∏î‡∏≠‡∏¢‡∏π‡πà‡∏Å‡∏±‡∏ö‡∏£‡∏ñ‡∏ô‡πâ‡∏≥‡πÄ‡∏£‡∏≤‡∏£‡∏±‡∏Å‡πÉ‡∏ô‡∏´‡∏•‡∏ß‡∏á‡∏•‡∏∞‡∏™‡∏≠‡∏á ‡∏û‡∏•‡πÄ‡∏≠‡∏Å‡πÄ‚Ä¶,0.0,0.0
"‡πÑ‡∏°‡πà‡∏°‡∏µ‡∏ï‡∏≥‡∏£‡∏ß‡∏à  = ‡πÑ‡∏°‡πà‡∏°‡∏µ‡∏Ñ‡∏ß‡∏≤‡∏°‡∏£‡∏∏‡∏ô‡πÅ‡∏£‡∏á
‡πÑ‡∏°‡πà‡∏°‡∏µ‡∏£‡∏ñ‡∏â‡∏µ‡∏î‡∏ô‡πâ‡∏≥ =‡πÑ‡∏°‡πà‡∏°‡∏µ‡∏Ñ‡∏ß‡∏≤‡∏°‡∏£‡∏∏‡∏ô‡πÅ‡∏£‡∏á
‡πÑ‡∏°‡πà‡∏°‡∏µ‡πÄ‡∏™‡∏∑‡πâ‡∏≠‡πÄ‡∏´‡∏•‡∏∑‡∏≠‡∏á =‡πÑ‡∏°‡πà‡∏°‡∏µ‡∏Ñ‡∏ß‡∏≤‡∏°‡∏£‡∏∏‡∏ô‡πÅ‡∏£‡∏á
‡∏°‡πá‡∏≠‡∏ö18‡∏û‡∏§‡∏®‡∏à‡∏¥‡∏Å‡∏≤ ",0.0,0.0
‡∏Ñ‡∏ô‡πÑ‡∏õ‡∏°‡πá‡∏≠‡∏ö‡πÑ‡∏°‡πà‡πÄ‡πÄ‡∏ú‡πà‡∏ß‡πÄ‡∏•‡∏¢ ‡πÑ‡∏õ‡∏Å‡∏±‡∏ô‡πÄ‡∏¢‡∏≠‡∏∞‡∏°‡∏≤‡∏Å ‡πÉ‡∏ô‡πÄ‡∏ß‡∏•‡∏≤‡πÑ‡∏°‡πà‡∏Å‡∏µ‡πà‡∏ß‡∏±‡∏ô ‡∏ó‡∏∏‡∏Å‡∏Ñ‡∏ô‡∏¢‡∏¥‡πà‡∏á‡∏£‡∏±‡∏ö‡∏°‡∏∑‡∏≠‡∏™‡∏ñ‡∏≤‡∏ô‡∏Å‡∏≤‡∏£‡∏ì‡πå‡πÑ‡∏î‡πâ‡∏î‡∏µ‡∏Ç‡∏∂‡πâ‡∏ô ‡∏ß‡∏≤‡∏á‡πÄ‡πÄ‡∏ú‡∏ô‡∏Å‡∏£‡∏∞‡∏à‡∏≤‡∏¢‡∏™‡∏¥‡πà‡∏á‡∏Ç‡∏≠‡∏á ‡∏õ‡∏Å‡∏õ‡πâ‡∏≠‡∏á‡∏ï‡∏±‡∏ß‡πÄ‡∏≠‡∏á‡∏≠‚Ä¶,0.0,0.0
‡πÅ‡∏Å‡∏ô‡∏ô‡∏≥‡∏ö‡∏≠‡∏Å ‡∏ñ‡πâ‡∏≤‡∏ß‡∏±‡∏ô‡∏ô‡∏µ‡πâ‡∏ï‡∏≥‡∏£‡∏ß‡∏à‡πÉ‡∏ä‡πâ‡πÅ‡∏Å‡πä‡∏™‡∏ô‡πâ‡∏≥‡∏ï‡∏≤‡∏Å‡∏±‡∏ö‡∏õ‡∏£‡∏∞‡∏ä‡∏≤‡∏ä‡∏ô‡∏≠‡∏µ‡∏Å ‡πÅ‡∏Å‡∏ô‡∏ô‡∏≥‡∏à‡∏∞‡πÇ‡∏ó‡∏£‡πÄ‡∏£‡∏µ‡∏¢‡∏Å‡∏£‡∏ñ‡∏™‡πâ‡∏ß‡∏°‡∏°‡∏≤‡πÉ‡∏ô15‡∏ô‡∏≤‡∏ó‡∏µ ‡∏≠‡∏´ ‡∏Å‡∏∏‡∏≠‡∏¢‡πà‡∏≤‡∏á‡∏ä‡∏≠‡∏ö5555555555555555 ‡∏°‡πá‡∏≠‡∏ö18‡∏û‡∏§‡∏®‡∏à‡∏¥‡∏Å‡∏≤,0.0,0.0
